[u'Lennar', u'Goodman Networks', u'Black &amp; Veatch', u'Fluor', u'Habitat for Humanity', u'Bechtel', u'URS Corporation', u'US Army', u'AT&T;', u'Parsons Corporation', u'Terracon', u'McGuyer Homebuilders', u'Multivista', u'Shawmut Design and Construction', u'United-Bilt Homes', u'US Air Force', u'Vanir Construction Management', u'Bluestream Professional Services', u'Standard Pacific', u'US Army Corps of Engineers', u'Shaw Group', u'NAVFAC', u'Global Environmental Technologies', u'Sprint', u'Richmond American Homes', u'Starbucks', u'Batson-Cook', u'KCI Technologies', u'Spire Consulting Group', u'Network Building &amp; Consulting', u'Burns &amp; McDonnell', u'Sundt', u'TIC - The Industrial Company', u'Kaiser Permanente', u'MasTec', u'CIM Group', u'Time Warner Cable', u'SUN Technical Services', u'Aimco Apartment Homes', u'WCA Waste', u'Engineering Consulting Services', u'HITT Contracting', u'Comcast', u"Chico's FAS", u'General Growth Properties', u'Bozzuto', u'Nicor', u'GREYHAWK', u'Pulte Homes', u'Turner Construction', u'Tradesmen International', u'Interior Management', u'Greenman-Pedersen', u'Tectonic Engineering &amp; Surveying Consultants PC', u'Port Authority of New York and New Jersey', u'Crown Castle', u'Walmart', u'Tyco', u'Lend Lease', u'MBP', u'Aerotek', u'David Weekley Homes', u'Kiewit Infrastructure West', u'PennDOT', u'HavenBrook Homes', u'Missouri Department of Transportation', u'DAVACO', u'Retail Group of America', u'FDH Velocitel', u'WCI Communities', u'Randstad US', u'Pirhl', u'Tufo Associates', u'Riverworks, Inc.', u'City of Tulsa', u"Carter's", u'Dorn Platz', u'Primestor Development', u'Hillsborough County Aviation Authority', u'Fischer Homes', u'B&B; Associates', u'H&M;', u'Pepper-Lawson Construction', u'Sears', u'Kansas City Power &amp; Light Company', u"Macy's", u'New York Department of Transportation', u'U.S. Army Reserve', u'Kforce', u'Ameresco', u'Wiggins/Lesley Palmetto Construction', u'Essence Custom Homes', u'Blattner Energy', u'BENTELER Group', u'Era Living', u'Hellas Construction', u'Avison Young', u'Commdex Consulting', u'Wilcox Professional Services', u'Aquatech International', u'Capital Design Group', u'Robert M. Henry Consultants', u'American Infrastructure', u'Picerne Military Housing', u'Government of Puerto Rico', u'Sunnyside School District', u'Argo Systems', u'GUARD-ALL BUILDING SOLUTIONS', u'Los Angeles USD', u'IMS Engineers', u'Straight Line Industries', u'Boka Powell', u'University of North Texas', u'CBRE', u'Pacific Gas and Electric', u'Gordian Design and Construction', u'Betacom', u'Parsons Brinckerhoff', u'Newport News Shipbuilding', u'Woolpert', u'TxDOT', u'Swan and Dolphin Resort', u'Hobby Lobby', u'Blue Book Network Contractors Register', u'Brohn Homes', u'Canusa', u'Green Canopy Homes', u'Eldeco', u'Webcor Builders', u'DCM Construction', u'Chicago Housing Authority', u'SAC Wireless', u'US Builders', u'City of Casa Grande', u'Houston Methodist', u'The Haskell Company', u'Deutsche Bank', u"Rogers-O'Brien Construction", u'Telnet (Rockville, MD)', u'Cato', u"Primary Children's Medical Center (Salt Lake City)", u'Las Vegas Paving', u'On The Level Enterprises', u'Charming Shoppes', u'Aspen Heights', u'Cricket Wireless', u'Dondlinger &amp; Sons Construction', u'Arkansas State Highway and Transportation Department', u'Urban Engineering', u'ConAgra Foods', u'Anthony &amp; Sylvan Pools', u'Pilot Flying J', u'State of Michigan', u'Methodist Hospital', u'Bartlett Nuclear, Inc', u'California Pacific Homes', u'TOTAL FACILITY SOLUTIONS', u'Wawa', u'Empire State Development', u'Burling Builders', u'Core Realty', u'Panhandle Builders and Excavating', u'Graycor', u'L &amp; L Construction Management', u"Dunkin' Brands", u'CastleRock Communities', u'DTE Energy', u'York Bridge Concepts', u'Haury &amp; Smith Contractors', u'Hawaiian Dredging Construction Co.', u'The Weitz Company LLC', u'US Department of State', u'Commercial Drywall &amp; Construction', u'Suffolk Construction', u'U.S. General Services Administration', u'BROUGHTON CONSTRUCTION', u'Long Wave', u'Hilton Garden Inn', u'BP', u'Campus Crest', u'GE', u'Edwards Construction', u'Parkhill Smith &amp; Cooper', u'Mycom', u'DAI (Utah)', u'Buckingham Companies', u'Songer Steel Services', u'New York City Transit Authority', u'Zayo', u'Hagerman Construction', u'Kenny Construction Company', u'Experis', u'Trident Seafoods', u'City of Hurst, Texas', u'Usfs', u'Gap', u'RCI', u'Jones, Edmunds &amp; Associates', u'Hamon Custodis', u'Los Angeles County Sanitation District', u'Denver Water', u'Inditex', u'Shepardville Construction', u'Holder Construction', u'HSBC Holdings', u'G. L. Homes', u'Clayco', u'IAS Builders', u'Jensen', u'Skanska USA Civil', u'Eastern Illinois University', u'Omniplex World Services Corporation', u'Sunrun', u'ProBuild', u'Bonner County, Idaho', u'XTO Energy', u'NEXTGEN GLOBAL RESOURCES', u'Encore Housing Opportunity Fund', u'Crossland Construction Company', u'Satellites Unlimited', u'Ashton Woods Homes', u'Fite &amp; Company Construction', u'Laliberte Construction Associates', u'San Ramon Valley USD', u'Kroger', u'Aarene Contracting', u'City of Plano, TX', u'Henry Company Homes', u'Broaddus &amp; Associates', u'Tishman', u'Innovative Turnaround Controls', u'Johnson, Mirmiran &amp; Thompson', u'New Jersey Community Development', u'Oklahoma State', u'Imperial Homes', u'Merck', u'Clackamas County', u'BEST', u"McDonald's", u'Maryland State Highway Administration', u'Ahtna Government Services', u'Reis', u'Center for Farm Financial Management', u'Group VI', u'Athavale Lystad and Associates', u'Big-D', u'Richfield Homes', u'Alaska Native Tribal Health Consortium', u'Raymond Construction', u'Flewelling &amp; Moody', u'Ghirardelli Associates', u'Newport Classic Homes', u'IDM Builders', u'Computer Cite', u'Flood Kleenup', u'NiSource', u'Nexius', u'Home HeadQuarters', u'Fort Hunter Liggett Fire Department', u'Hall-Irwin Construction', u'State of Maryland', u'Miracle Systems', u'PSEG', u"The Children's Museum of Indianapolis", u'Library of Congress', u'US Department of Defense', u'The Medve Group', u'WYDOT', u'Aqua America', u'R Florina Contractor']
Name	Job	Industry	Sector	Number of ratings	Overall rating	Culture and values	Work life balance	Senior Leadership	Compensation and benefits	Career opportunities	Recommend to friend	Name CEO	Pourcentage approve CEO
Lennar	Overall	Real Estate	Real Estate	129	3.1	3.1	2.9	2.9	3.2	3.1	0.5	Stuart A. Miller	83
Goodman Networks	Overall	Cable, Internet &amp; Telephone Providers	Telecommunications	179	2.3	2.4	2.6	2.0	2.9	2.1	0.3	Ron Hill	30
Black &amp; Veatch	Overall	Telecommunications Manufacturing	Telecommunications	11	3.8	0.0	0.0	0.0	0.0	0.0	0.0	Steven Clancy	80
Fluor	Overall	Construction	Construction, Repair &amp; Maintenance	671	3.8	3.6	3.4	3.2	3.6	3.4	0.8	David T. Seaton	80
Habitat for Humanity	Overall	Social Assistance	Non-Profit	343	3.9	4.2	3.7	3.4	2.8	3.1	0.8	Jonathan T. M. Reckford	90
Bechtel	Overall	Construction	Construction, Repair &amp; Maintenance	571	3.6	3.7	3.2	3.2	3.9	3.4	0.8	Bill Dudley	86
URS Corporation	Overall	Architectural &amp; Engineering Services	Business Services	1532	2.7	2.5	3.0	2.3	3.0	2.7	0.4	Michael S. Burke	41
US Army	Overall	
AT&T;	Overall	
Parsons Corporation	Overall	Construction	Construction, Repair &amp; Maintenance	339	3.3	3.3	3.4	2.8	3.5	3.2	0.6	Chuck Harrington	72
Terracon	Overall	
McGuyer Homebuilders	Overall	
Multivista	Overall	Construction	Construction, Repair &amp; Maintenance	12	3.2	0.0	0.0	0.0	0.0	0.0	0.0	Luis Pascual	80
Shawmut Design and Construction	Overall	
United-Bilt Homes	Overall	Construction	Construction, Repair &amp; Maintenance	23	3.1	3.0	2.5	3.0	3.3	2.9	0.5	Don Pitts	39
US Air Force	Overall	
Vanir Construction Management	Overall	Construction	Construction, Repair &amp; Maintenance	12	3.5	3.3	3.7	2.4	3.0	3.5	0.5	Guy Mehula, PE	0
Bluestream Professional Services	Overall	
Standard Pacific	Overall	
US Army Corps of Engineers	Overall	
Shaw Group	Overall	
NAVFAC	Overall	
Global Environmental Technologies	Overall	Accounting	Accounting &amp; Legal	3	5	0.0	0.0	0.0	0.0	0.0	0.0	Tim G. Wood	100
Sprint	Overall	
Richmond American Homes	Overall	Construction	Construction, Repair &amp; Maintenance	65	2.6	2.8	2.5	2.3	3.0	2.7	0.4	Larry A. Mizel	40
Starbucks	Overall	Fast-Food &amp; Quick-Service Restaurants	Restaurants, Bars &amp; Food Services	8395	3.8	4.0	3.4	3.2	3.8	3.4	0.8	Howard D. Schultz	91
Batson-Cook	Overall	
KCI Technologies	Overall	Architectural &amp; Engineering Services	Business Services	22	3.3	2.9	3.3	3.1	3.3	2.8	0.5	Terry F. Neimeyer	80
Spire Consulting Group	Overall	
Network Building &amp; Consulting	Overall	Advertising &amp; Marketing	Business Services	92	2.3	2.3	2.6	1.9	3.0	2.3	0.3	Rich Johnson	30
Burns &amp; McDonnell	Overall	Architectural &amp; Engineering Services	Business Services	220	3.8	3.9	3.2	3.6	3.7	3.5	0.7	Greg M. Graves	96
Sundt	Overall	
TIC - The Industrial Company	Overall	Construction	Construction, Repair &amp; Maintenance	64	3.8	3.6	2.7	3.1	3.8	3.5	0.8	Terry Carlsgaard	100
Kaiser Permanente	Overall	
CIM Group	Overall	Real Estate	Real Estate	32	3.5	3.0	2.9	2.9	3.4	3.4	0.5	Shaul Kuba	90
Time Warner Cable	Overall	
SUN Technical Services	Overall	Advertising &amp; Marketing	Business Services	15	3.4	2.8	3.0	2.5	2.9	2.5	0.6	Kathleen Jackson	100
Aimco Apartment Homes	Overall	Real Estate	Real Estate	199	3.9	4.1	3.4	3.8	3.6	3.7	0.8	Terry Considine	89
WCA Waste	Overall	Building &amp; Personnel Services	Business Services	12	2.2	1.3	2.5	1.9	2.5	2.0	0.2	Tom J. Fatjo Jr.	100
Engineering Consulting Services	Overall	Architectural &amp; Engineering Services	Business Services	17	3.2	3.1	2.6	3.3	2.9	2.6	0.5	Henry L. Lucas	82
HITT Contracting	Overall	
Comcast	Overall	Cable, Internet &amp; Telephone Providers	Telecommunications	3727	3.3	3.2	3.1	2.8	3.7	3.2	0.6	Brian L. Roberts	77
Chico's FAS	Overall	Department, Clothing, &amp; Shoe Stores	Retail	792	3.1	3.1	2.9	2.6	2.8	2.8	0.5	David F. Dyer	74
General Growth Properties	Overall	Real Estate	Real Estate	110	3.2	3.5	3.7	2.8	3.6	3.2	0.5	Sandeep Mathrani	54
Bozzuto	Overall	
Nicor	Overall	Utilities	Oil, Gas, Energy &amp; Utilities	48	2.9	2.7	3.1	2.3	3.4	2.6	0.6	Ralph Cleveland	42
GREYHAWK	Overall	Consulting	Business Services	3	2	0.0	0.0	0.0	0.0	0.0	0.0	Gary S. Berman	0
Pulte Homes	Overall	
Turner Construction	Overall	
Tradesmen International	Overall	Construction	Construction, Repair &amp; Maintenance	177	2.8	2.6	2.5	2.4	2.6	2.6	0.5	Joseph Wesley	52
Interior Management	Overall	
Greenman-Pedersen	Overall	
Tectonic Engineering &amp; Surveying Consultants PC	Overall	Consulting	Business Services	11	2.4	2.1	2.9	1.8	2.7	2.0	0.4	Donald Benvie	50
Port Authority of New York and New Jersey	Overall	Transportation Management	Transportation &amp; Logistics	123	3.3	2.9	3.8	2.5	3.0	3.1	0.6	Patrick J. Foye	25
Crown Castle	Overall	Telecommunications Services	Telecommunications	117	4	4.2	4.0	4.0	4.2	3.6	0.9	Ben Moreland	92
Walmart	Overall	General Merchandise &amp; Superstores	Retail	15661	3.1	2.9	2.7	2.6	2.9	3.2	0.5	Doug McMillon	63
Tyco	Overall	Security Services	Business Services	595	2.7	2.5	2.7	2.1	2.9	2.4	0.4	George R. Oliver	44
Lend Lease	Overall	Lending	Finance	192	3.5	3.5	3.0	3.0	3.3	3.4	0.8	Steve McCann	91
MBP	Overall	Architectural &amp; Engineering Services	Business Services	23	3.5	3.7	3.2	3.3	3.7	3.1	0.5	Charles E Bolyard Jr	87
Aerotek	Overall	Staffing &amp; Outsourcing	Business Services	1434	3.2	3.2	2.7	2.9	2.8	3.1	0.6	Todd Mohr	80
David Weekley Homes	Overall	Construction	Construction, Repair &amp; Maintenance	55	3.1	3.7	3.0	3.1	3.6	2.7	0.5	John Johnson	84
Kiewit Infrastructure West	Overall	Construction	Construction, Repair &amp; Maintenance	479	3.2	3.3	2.4	2.9	3.4	3.5	0.6	Bruce E. Grewcock	84
PennDOT	Overall	
HavenBrook Homes	Overall	
Missouri Department of Transportation	Overall	State &amp; Regional Agencies	Government	38	3.1	3.0	4.0	2.5	2.9	2.6	0.5	Roberta Broeker	100
DAVACO	Overall	Building &amp; Personnel Services	Business Services	62	3.4	3.5	3.0	3.2	3.1	3.4	0.7	Rick Davis	88
Retail Group of America	Overall	Department, Clothing, &amp; Shoe Stores	Retail	49	1.7	1.6	1.8	1.7	1.9	2.0	0.2		
FDH Velocitel	Overall	Telecommunications Services	Telecommunications	19	2.4	2.2	2.6	2.0	2.8	2.2	0.2	Kevin G. Hostetler	0
WCI Communities	Overall	Construction	Construction, Repair &amp; Maintenance	9	3.4	0.0	0.0	0.0	0.0	0.0	0.0	David L. Fry	100
Randstad US	Overall	Staffing &amp; Outsourcing	Business Services	1015	3.3	3.1	3.3	3.0	3.1	3.1	0.6	Linda Galipeau	68
Pirhl	Overall	
Tufo Associates	Overall	Construction	Construction, Repair &amp; Maintenance	1	1	0.0	0.0	0.0	0.0	0.0	0.0		
Riverworks, Inc.	Overall	Construction	Construction, Repair &amp; Maintenance	1	4	0.0	0.0	0.0	0.0	0.0	0.0	John R. Freer	0
City of Tulsa	Overall	
Carter's	Overall	Department, Clothing, &amp; Shoe Stores	Retail	317	3.3	3.6	3.1	3.1	2.7	3.1	0.6	Mike Casey	83
Dorn Platz	Overall			1	3	0.0	0.0	0.0	0.0	0.0	0.0		
Primestor Development	Overall	
Hillsborough County Aviation Authority	Overall	Transportation Management	Transportation &amp; Logistics	2	3.6	0.0	0.0	0.0	0.0	0.0	0.0	Alfred S. Austin	100
Fischer Homes	Overall	
B&B; Associates	Overall	
H&M;	Overall	Industrial Manufacturing	Manufacturing	5	3.6	0.0	0.0	0.0	0.0	0.0	0.0	Jack L. Howard	100
Pepper-Lawson Construction	Overall	Construction	Construction, Repair &amp; Maintenance	6	2.2	0.0	0.0	0.0	0.0	0.0	0.0		
Sears	Overall	Department, Clothing, &amp; Shoe Stores	Retail	6353	2.6	2.5	2.7	2.2	2.3	2.5	0.3	Edward S. Lampert	21
Kansas City Power &amp; Light Company	Overall	
Macy's	Overall	
New York Department of Transportation	Overall	State &amp; Regional Agencies	Government	31	4	4.3	4.1	4.0	3.8	3.5	0.9	Astrid C. Glynn	96
U.S. Army Reserve	Overall	Federal Agencies	Government	232	3.8	4.1	3.3	3.3	3.8	3.8	0.8	Jeffrey W. Talley	87
Kforce	Overall	
Ameresco	Overall	
Wiggins/Lesley Palmetto Construction	Overall			1	3	0.0	0.0	0.0	0.0	0.0	0.0		
Essence Custom Homes	Overall	Construction	Construction, Repair &amp; Maintenance	1	3	0.0	0.0	0.0	0.0	0.0	0.0		
Blattner Energy	Overall	Energy	Oil, Gas, Energy &amp; Utilities	13	4.2	4.5	3.3	3.8	4.2	3.5	0.9	Scott Blattner	100
BENTELER Group	Overall	Industrial Manufacturing	Manufacturing	51	2	1.8	1.9	1.9	3.0	2.1	0.2	Hubertus Benteler	30
Era Living	Overall	Health Care Services &amp; Hospitals	Health Care	25	2.9	3.7	3.7	3.0	3.2	3.1	0.5	Eli J. Almo	88
Hellas Construction	Overall			41	2.2	2.2	1.9	2.0	2.8	2.4	0.4	Reed Seaton	54
Avison Young	Overall	
Commdex Consulting	Overall	
Wilcox Professional Services	Overall	Architectural &amp; Engineering Services	Business Services	3	3.9	0.0	0.0	0.0	0.0	0.0	0.0	Richard Wilcox	0
Aquatech International	Overall	
Capital Design Group	Overall	Construction	Construction, Repair &amp; Maintenance	1	4	0.0	0.0	0.0	0.0	0.0	0.0	Dennis B. Lee	0
Robert M. Henry Consultants	Overall	
American Infrastructure	Overall	Construction	Construction, Repair &amp; Maintenance	12	3.2	3.4	3.3	2.6	3.6	3.3	0.5	A. Ross Myers	100
Picerne Military Housing	Overall	Real Estate	Real Estate	11	3	0.0	0.0	0.0	0.0	0.0	0.0		
Government of Puerto Rico	Overall	
Sunnyside School District	Overall	
Argo Systems	Overall	
GUARD-ALL BUILDING SOLUTIONS	Overall			1	2	0.0	0.0	0.0	0.0	0.0	0.0		
Los Angeles USD	Overall	Colleges &amp; Universities	Education	291	3.3	3.0	3.6	2.6	3.3	3.0	0.7	John Deasy	29
IMS Engineers	Overall	Architectural &amp; Engineering Services	Business Services	2	2.5	0.0	0.0	0.0	0.0	0.0	0.0	John D. Calhoun	100
Straight Line Industries	Overall	Construction	Construction, Repair &amp; Maintenance	1	1	0.0	0.0	0.0	0.0	0.0	0.0	Pilar G. Dexter	0
Boka Powell	Overall	Health, Beauty, &amp; Fitness	Consumer Services	1	4	0.0	0.0	0.0	0.0	0.0	0.0		
University of North Texas	Overall	
CBRE	Overall	
Pacific Gas and Electric	Overall	Utilities	Oil, Gas, Energy &amp; Utilities	677	3.6	3.4	3.4	3.0	4.0	3.6	0.8	Anthony F. Earley Jr.	85
Gordian Design and Construction	Overall	
Betacom	Overall	Cable, Internet &amp; Telephone Providers	Telecommunications	8	2.9	0.0	0.0	0.0	0.0	0.0	0.0	Randy Bowe	64
Parsons Brinckerhoff	Overall	Architectural &amp; Engineering Services	Business Services	306	3.3	3.2	3.5	2.7	3.2	3.1	0.6	George J. Pierson	61
Newport News Shipbuilding	Overall	Transportation Equipment Manufacturing	Manufacturing	73	3	2.6	2.9	2.3	3.3	3.0	0.5	Matt Mulherin	61
Woolpert	Overall	
TxDOT	Overall	State &amp; Regional Agencies	Government	78	3.5	3.4	3.7	3.1	3.4	3.4	0.7		
Swan and Dolphin Resort	Overall	
Hobby Lobby	Overall	Other Retail Stores	Retail	760	3.1	3.1	2.9	2.7	3.3	2.7	0.5	David Green	66
Blue Book Network Contractors Register	Overall	Advertising &amp; Marketing	Business Services	92	2.3	2.3	2.6	1.9	3.0	2.3	0.3	Rich Johnson	30
Brohn Homes	Overall	
Canusa	Overall	
Green Canopy Homes	Overall	Construction	Construction, Repair &amp; Maintenance	5	3.5	0.0	0.0	0.0	0.0	0.0	0.0	Aaron Fairchild	50
Eldeco	Overall	Construction	Construction, Repair &amp; Maintenance	3	4.4	0.0	0.0	0.0	0.0	0.0	0.0		
Webcor Builders	Overall	
DCM Construction	Overall	
Chicago Housing Authority	Overall	
SAC Wireless	Overall	Telecommunications Manufacturing	Telecommunications	73	3.3	3.0	3.2	2.8	3.2	3.0	0.7	Bill Koziel	76
US Builders	Overall			1	1	0.0	0.0	0.0	0.0	0.0	0.0		
City of Casa Grande	Overall	Municipal Governments	Government	2	3.5	0.0	0.0	0.0	0.0	0.0	0.0		
Houston Methodist	Overall	Health Care Services &amp; Hospitals	Health Care	261	3.9	4.1	3.7	3.4	3.6	3.5	0.8	Marc Boom	93
The Haskell Company	Overall	
Deutsche Bank	Overall	Investment Banking &amp; Asset Management	Finance	1904	3.3	3.2	3.3	2.8	3.3	3.1	0.6	John Cryan	90
Rogers-O'Brien Construction	Overall	Construction	Construction, Repair &amp; Maintenance	3	4.3	0.0	0.0	0.0	0.0	0.0	0.0		
Telnet (Rockville, MD)	Overall	
Cato	Overall	Department, Clothing, &amp; Shoe Stores	Retail	117	2.7	2.5	2.6	2.3	2.0	2.4	0.3	John P. Derham Cato	52
Primary Children's Medical Center (Salt Lake City)	Overall	
Las Vegas Paving	Overall	Construction	Construction, Repair &amp; Maintenance	4	2.9	0.0	0.0	0.0	0.0	0.0	0.0		
On The Level Enterprises	Overall	Real Estate	Real Estate	1	5	0.0	0.0	0.0	0.0	0.0	0.0		
Charming Shoppes	Overall	
Aspen Heights	Overall	Real Estate	Real Estate	47	3.4	3.7	3.6	3.3	3.3	3.6	0.6	Greg Henry	84
Cricket Wireless	Overall	
Dondlinger &amp; Sons Construction	Overall	
Arkansas State Highway and Transportation Department	Overall	Colleges &amp; Universities	Education	8	3.8	0.0	0.0	0.0	0.0	0.0	0.0	Larry Dickerson	100
Urban Engineering	Overall	
ConAgra Foods	Overall	Food &amp; Beverage Manufacturing	Manufacturing	546	3	2.9	3.3	2.5	3.5	2.9	0.5	Sean Connolly	35
Anthony &amp; Sylvan Pools	Overall	
Pilot Flying J	Overall	
State of Michigan	Overall	State &amp; Regional Agencies	Government	267	3.4	2.9	3.7	2.7	3.5	3.0	0.6	Richard Dale "Rick" Snyder	47
Methodist Hospital	Overall	
Bartlett Nuclear, Inc	Overall	
California Pacific Homes	Overall	Construction	Construction, Repair &amp; Maintenance	2	5	0.0	0.0	0.0	0.0	0.0	0.0		
TOTAL FACILITY SOLUTIONS	Overall	Construction	Construction, Repair &amp; Maintenance	11	3.4	3.2	2.2	2.8	3.9	2.8	0.7	Kurt Gilson	0
Wawa	Overall	
Empire State Development	Overall	State &amp; Regional Agencies	Government	16	2.5	2.2	3.7	2.3	2.3	2.2	0.5	Kenneth Adams	50
Burling Builders	Overall	Consulting	Business Services	1	5	0.0	0.0	0.0	0.0	0.0	0.0		
Core Realty	Overall	Real Estate	Real Estate	2	1.5	0.0	0.0	0.0	0.0	0.0	0.0		
Panhandle Builders and Excavating	Overall	Construction	Construction, Repair &amp; Maintenance	1	5	0.0	0.0	0.0	0.0	0.0	0.0	L. Allen Henry	0
Graycor	Overall	
L &amp; L Construction Management	Overall	Education Training Services	Education	0	0	0.0	0.0	0.0	0.0	0.0	0.0	Bernard Heckel	0
Dunkin' Brands	Overall	Fast-Food &amp; Quick-Service Restaurants	Restaurants, Bars &amp; Food Services	159	3	2.7	3.0	2.2	2.8	2.4	0.4	Nigel Travis	52
CastleRock Communities	Overall	Real Estate	Real Estate	5	2	0.0	0.0	0.0	0.0	0.0	0.0		
DTE Energy	Overall	
York Bridge Concepts	Overall	
Haury &amp; Smith Contractors	Overall	Construction	Construction, Repair &amp; Maintenance	1	5	0.0	0.0	0.0	0.0	0.0	0.0		
Hawaiian Dredging Construction Co.	Overall	Construction	Construction, Repair &amp; Maintenance	7	4.2	0.0	0.0	0.0	0.0	0.0	0.0	William J Wilson	100
The Weitz Company LLC	Overall	
US Department of State	Overall	Federal Agencies	Government	548	3.7	3.6	3.5	3.2	3.4	3.5	0.8	John Kerry	82
Commercial Drywall &amp; Construction	Overall	Wood Product Manufacturing	Manufacturing	1	4	0.0	0.0	0.0	0.0	0.0	0.0	James Leach	0
Suffolk Construction	Overall	Construction	Construction, Repair &amp; Maintenance	45	3.8	3.8	3.3	3.4	4.0	3.6	0.8	John F. Fish	87
U.S. General Services Administration	Overall	
BROUGHTON CONSTRUCTION	Overall	
Long Wave	Overall	Aerospace &amp; Defense	Aerospace &amp; Defense	6	3.3	0.0	0.0	0.0	0.0	0.0	0.0	Phil Miller	72
Hilton Garden Inn	Overall	
BP	Overall	
Campus Crest	Overall	
GE	Overall	Energy	Oil, Gas, Energy &amp; Utilities	3890	3.8	3.6	3.4	3.3	3.5	3.7	0.8	Jeffrey R. Immelt	86
Edwards Construction	Overall	Construction	Construction, Repair &amp; Maintenance	3	2.6	0.0	0.0	0.0	0.0	0.0	0.0		
Parkhill Smith &amp; Cooper	Overall	Architectural &amp; Engineering Services	Business Services	12	4.8	5.0	4.8	4.6	4.5	4.8	1.0	Joe Rapier	100
Mycom	Overall	
DAI (Utah)	Overall	
Buckingham Companies	Overall	
Songer Steel Services	Overall	
New York City Transit Authority	Overall	Passenger Rail	Travel &amp; Tourism	64	3.6	3.1	3.9	2.8	4.0	3.2	0.7	Thomas F. Prendergast	32
Zayo	Overall	Cable, Internet &amp; Telephone Providers	Telecommunications	272	3.3	3.3	2.9	3.2	2.9	3.4	0.6	Dan Caruso	68
Hagerman Construction	Overall	
Kenny Construction Company	Overall	Construction	Construction, Repair &amp; Maintenance	8	3.5	0.0	0.0	0.0	0.0	0.0	0.0	John E. Kenny Jr.	43
Experis	Overall	
Trident Seafoods	Overall	
City of Hurst, Texas	Overall	Federal Agencies	Government	3	3.9	0.0	0.0	0.0	0.0	0.0	0.0	Allan Weegar	100
Usfs	Overall	
Gap	Overall	Department, Clothing, &amp; Shoe Stores	Retail	2703	3.6	3.8	3.4	3.1	3.3	3.1	0.7	Art Peck	83
RCI	Overall	Advertising &amp; Marketing	Business Services	74	3.4	3.7	3.3	3.3	3.5	3.0	0.6	Geoff Ballotti	84
Jones, Edmunds &amp; Associates	Overall	
Hamon Custodis	Overall	
Los Angeles County Sanitation District	Overall	
Denver Water	Overall	
Inditex	Overall	
Shepardville Construction	Overall	Construction	Construction, Repair &amp; Maintenance	1	1	0.0	0.0	0.0	0.0	0.0	0.0		
Holder Construction	Overall	
HSBC Holdings	Overall	
G. L. Homes	Overall	
Clayco	Overall	Construction	Construction, Repair &amp; Maintenance	7	3.2	0.0	0.0	0.0	0.0	0.0	0.0	Bob Clark	59
IAS Builders	Overall	
Jensen	Overall	
Skanska USA Civil	Overall	
Eastern Illinois University	Overall	Colleges &amp; Universities	Education	55	3.9	3.7	3.9	3.1	3.1	3.1	1.0	David M. Glassman	100
Omniplex World Services Corporation	Overall	
Sunrun	Overall	
ProBuild	Overall	Construction	Construction, Repair &amp; Maintenance	166	2.7	2.5	2.8	2.5	3.0	2.4	0.4	Robert Marchbank	79
Bonner County, Idaho	Overall	
XTO Energy	Overall	Oil &amp; Gas Exploration &amp; Production	Oil, Gas, Energy &amp; Utilities	58	3.9	4.4	4.2	3.9	4.1	3.4	0.9	Randy Cleveland	99
NEXTGEN GLOBAL RESOURCES	Overall	
Encore Housing Opportunity Fund	Overall	
Crossland Construction Company	Overall	
Satellites Unlimited	Overall	Cable, Internet &amp; Telephone Providers	Telecommunications	83	2.9	3.0	2.2	2.8	3.3	2.8	0.4	Roddy L. McKinney	75
Ashton Woods Homes	Overall	
Fite &amp; Company Construction	Overall	
Laliberte Construction Associates	Overall	
San Ramon Valley USD	Overall	
Kroger	Overall	
Aarene Contracting	Overall	
City of Plano, TX	Overall	
Henry Company Homes	Overall	
Broaddus &amp; Associates	Overall	
Tishman	Overall	Construction	Construction, Repair &amp; Maintenance	23	3.7	3.1	3.1	2.9	3.5	3.2	0.6	Daniel P. McQuade	100
Innovative Turnaround Controls	Overall	
Johnson, Mirmiran &amp; Thompson	Overall	
New Jersey Community Development	Overall	
Oklahoma State	Overall	Colleges &amp; Universities	Education	260	4.1	4.0	3.7	3.7	3.6	3.5	0.9	V. Burns Hargis	89
Imperial Homes	Overall	
Merck	Overall	
Clackamas County	Overall	
BEST	Overall	
McDonald's	Overall	
Maryland State Highway Administration	Overall	
Ahtna Government Services	Overall	
Reis	Overall	
Center for Farm Financial Management	Overall	
Group VI	Overall	
Athavale Lystad and Associates	Overall	
Big-D	Overall	
Richfield Homes	Overall	
Alaska Native Tribal Health Consortium	Overall	
Raymond Construction	Overall	Construction	Construction, Repair &amp; Maintenance	1	5	0.0	0.0	0.0	0.0	0.0	0.0	Charles Raymond	0
Flewelling &amp; Moody	Overall	
Ghirardelli Associates	Overall	
Newport Classic Homes	Overall	Construction	Construction, Repair &amp; Maintenance	1	1	0.0	0.0	0.0	0.0	0.0	0.0		
IDM Builders	Overall	
Computer Cite	Overall	
Flood Kleenup	Overall	Construction	Construction, Repair &amp; Maintenance	1	3	0.0	0.0	0.0	0.0	0.0	0.0		
NiSource	Overall	Utilities	Oil, Gas, Energy &amp; Utilities	61	3.7	3.6	4.0	3.2	3.8	3.4	0.8	Joseph Hamrock	100
Home HeadQuarters	Overall	Industrial Manufacturing	Manufacturing	1	5	0.0	0.0	0.0	0.0	0.0	0.0	Kerry Quaglia	0
Fort Hunter Liggett Fire Department	Overall	
Hall-Irwin Construction	Overall	Construction	Construction, Repair &amp; Maintenance	2	2.6	0.0	0.0	0.0	0.0	0.0	0.0		
State of Maryland	Overall	State &amp; Regional Agencies	Government	119	3.5	2.8	3.5	2.5	2.9	3.1	0.7		
Miracle Systems	Overall	
PSEG	Overall	
The Children's Museum of Indianapolis	Overall	
Library of Congress	Overall	
US Department of Defense	Overall	
The Medve Group	Overall			17	2.3	2.0	2.3	2.0	2.3	2.3	0.3		
WYDOT	Overall	State &amp; Regional Agencies	Government	4	3.5	0.0	0.0	0.0	0.0	0.0	0.0		
Aqua America	Overall	
R Florina Contractor	Overall	
