[u'Entertainment Publications dba Entertainment Promotions', u'AMC Entertainment', u'Six Flags', u'Regal Entertainment', u'Caesars Entertainment', u'Turner Broadcasting', u"Chuck E. Cheese's", u'Clear Channel', u'Universal Studios', u'Warner Bros.', u'CBS', u'Paramount Pictures', u'Twentieth Century Fox', u'iHeartMedia', u'Ticketmaster', u'Deluxe Entertainment', u'OMD', u'Sea World', u'f.y.e.', u'FOX Broadcasting', u'ARAMARK Sports &amp; Entertainment Group', u'Lionsgate', u'Hershey Entertainment', u'Cedar Point Amusement Park', u'Entertainment Partners', u'WME', u'Ubisoft', u'Feld Entertainment', u'AEG', u'IGN Entertainment', u'MGA Entertainment', u'Revel Entertainment', u'Warner Bros. Home Entertainment', u'Trans World Entertainment', u'Aeria Games', u'Champps Americana', u'Marvel Entertainment', u'Perfect World Entertainment', u'CBS TV Distribution', u'Palace Entertainment', u'Ripley Entertainment', u'Gaylord Entertainment', u'Konami Digital Entertainment', u'E! Entertainment Television', u'Sleepy Giant Entertainment', u'KingsIsle Entertainment', u'LucasArts', u'InMotion Entertainment', u'SBE Entertainment Group', u'Washington Sports', u'Burns Entertainment And Sports Marketing', u'DC Comics', u'Kennywood', u'CeX Webuy Entertainment', u'CID Entertainment', u'RGH', u'Trump Resorts', u'Motorcity Hotel &amp; Casino', u'Foundation 9 Entertainment', u'Warner Bros. Interactive Entertainment', u'High Noon Entertainment', u'Intergi Entertainment', u'Chelsea Piers', u'Tropicana Entertainment', u'Entertainment Fusion Group', u'Spurs Sports &amp; Entertainment', u'Stratosphere Hotel Casino', u'MSG Entertainment', u'Asia TV USA', u'Lifetime', u'Silver Dollar City', u'DigiPhoto Entertainment', u'Horseshoe Casino Cleveland', u'NEN', u'Obsidian Entertainment', u'Red Storm Entertainment', u'Alliance Entertainment', u'Fame House', u'Catfish Entertainment', u'San Jose Sharks', u'CSE', u'Jambox Entertainment', u'Bento Box Entertainment', u'Dover Downs Gaming', u'Voltage Entertainment USA', u'WestStar Multimedia Entertainment', u'Levy Home Entertainment', u'Artix Entertainment', u'SHFL Entertainment', u'Vivendi Entertainment', u'HIT Entertainment', u'Entertainment One', u'GRB Entertainment', u'Providence Sports + Entertainment', u'Entertainment Studios', u'Trendy Entertainment', u'Monarc Gaming Labs', u'Herschend Entertainment', u'Olympia Entertainment', u'Kroenke Sports &amp; Entertainment', u'Sharp Entertainment', u'TRC Family Entertainment', u'New Wave Entertainment', u'Neversoft Entertainment', u'SkyVu Entertainment', u'SkyZone Entertainment', u'AEI Dish', u'Bad Boy Entertainment', u'Legendary Pictures', u'Picture Show Entertainment', u'Roundabout Entertainment', u'MECA Omaha', u'Majesco Entertainment', u'The Strip Entertainment Group', u'The Villages', u'Big Night Entertainment Group', u'Bookmans Entertainment Exchange', u'Cybernet Entertainment', u'Wind-Up Entertainment', u'Hudson Entertainment', u'Jump!Zone', u'Corbis Entertainment', u'Santa Monica Studios', u'AMI Entertainment Network', u'Vista Entertainment Solutions', u'Games2U', u'NHN Entertainment Labs', u'Animax', u'YES Network', u'WeMade Entertainment', u'Jupiter Entertainment', u'Cryptozoic', u'WE TV', u'Shoreline Entertainment', u'Altitude Sports &amp; Entertainment', u'En Masse Entertainment', u'Pritchard Sports &amp; Entertainment Group', u'EMG', u'Unknown Worlds Entertainment', u'Anchor Bay', u'King', u'Naked Sky Entertainment', u'Backbone Entertainment', u'True Entertainment', u'Innovation Arts and Entertainment', u'Big Red Button Entertainment', u'Daybreak Game Company', u'Propaganda Global Entertainment Marketing', u'Illumination Entertainment', u'North American Midway Entertainment', u'Arenas', u'Jacobs Entertainment', u'ImaginAsian Entertainment', u'Davie Brown Entertainment', u'Hot Shots Imaging', u'Endless Entertainment', u'AC Entertainment', u'Rock The House Entertainment Group', u'Rumble Entertainment', u'SmartTix', u'Summit Entertainment', u'FilmNation', u'Datasat Digital', u'Ming Entertainment Group', u'c.2K Communications', u'Sonar Entertainment', u'All Pro Sports &amp; Entertainment', u'The Row / Dualstar Entertainment Group', u'Respawn Entertainment', u'Mandalay', u'Word Entertainment', u'Dada Entertainment', u'DICE (Sweden)', u'Excalibur Films', u'Suncoast Entertainment', u'UGO Networks', u'Trium Entertainment', u'Digital Entertainment Systems', u'Bardel Entertainment', u'Road Rebel Entertainment Touring', u'Halon Entertainment', u'Empire Entertainment', u'Pacers Sports &amp; Entertainment', u"Rigby's Entertainment Complex", u'Overbrook Entertainment', u'Pirates Dinner Adventure', u'Showcase Entertainment', u'Bradley Center', u'Wild Rose Entertainment', u'Family Entertainment Group', u'Image Entertainment', u'Authentic Entertainment', u'San Diego Studios', u'InXile Entertainment', u'Cowen Herzog Entertainment', u'Echo Bridge Entertainment', u'Shiver Entertainment', u'Key Brand Entertainment', u'Maloof Sports and Entertainment', u'Jekyll &amp; Hyde Entertainment Group', u'STILETTO Entertainment', u'Steve LeVine Entertainment', u'Rink Side', u'R-E-D', u'Fox Mobile Entertainment', u'Paragon Theaters', u'MSI Entertainment', u'Topics Entertainment', u'CJ Entertainment', u'Ala Carte Entertainment', u'Pros Entertainment Services', u'Magilla Entertainment', u'Savage Entertainment', u'Netherfire Entertainment', u'Media 8 Entertainment', u'General Sports &amp; Entertainment', u'Stern Deeds', u'Bang Zoom! Entertainment', u'Radical Entertainment', u'Black Label Entertainment', u'Shanda Interactive Entertainment', u'Cesar Santiago Entertainment', u'3 Arts Entertainment', u'Mood Entertainment', u'Bespoke Sports &amp; Entertainment', u'Funworks Ent.', u'Punch Entertainment', u'HOB Entertainment', u'Stephen David Entertainment', u'Crime Prevention Security Systems', u'Imagine Entertainment', u'Virgin Entertainment Group', u'Kopelson Entertainment', u'Rainmaker Entertainment', u'New Empire Entertainment Insurance Services', u'Oracle Entertainment Media', u'Infinity Sports &amp; Entertainment', u'A &amp; D Entertainment', u'Fast Lane Entertainment', u'Four Entertainment', u'Hungama', u'Tremendous! Entertainment', u'Go Go Luckey', u'Another Planet', u'Masters Entertainment Group', u'Massive Entertainment', u'Civic Entertainment Group', u'Robot Entertainment', u'Onmygrind Entertainment', u'SISU Home Entertainment', u'Firkin and Kegler Family Entertainment Center', u'Rock It Entertainment', u'Entertainment Consulting International', u'Priority Sports &amp; Entertainment', u'Meadowlands Racing &amp; Entertainment', u'TLA Entertainment', u'Mill Creek Entertainment', u'Hi-Rise', u'SD Entertainment', u'Lakeshore Entertainment', u'Fantasy Entertainment', u'SVSE', u'Bearing Entertainment', u'Namco Entertainment', u'Tweeter Home Entertainment', u'Alderac Entertainment', u'Artissimo Holdings', u'KRD Entertainment', u'Principato-Young Entertainment', u'Valkyrie Entertainment', u'Toy Box Entertainment', u'Bigfoot Entertainment', u'Brillstein', u'IFILM', u'Wannado City Entertainment', u'Pixo Entertainment', u'Funway', u'TEG Live', u'Twistbox Entertainment', u'Integrity Marketing Group', u'Romeo Entertainment Group', u'Maple Leaf Sports &amp; Entertainment', u'Media Entertainment Productions', u"Danny Vegh's Home Entertainment", u'Wizard Entertainment', u'Entertainment Management', u'4Kids', u'Metro Music Entertainment', u'Endgame Entertainment', u'Prometheus Entertainment', u'SERG Restaurant Group', u'Platform One Entertainment', u'Cineplex Entertainment', u'Park Tavern', u'Santa Rosa Entertainment Group', u'Rovio Entertainment', u'Entertainment Earth', u'Film Garden Entertainment', u'Concept Entertainment', u'Fast Forward Entertainment', u'12 Forward Entertainment', u'Good Vibrations D.J. Entertainment', u'Partizan Entertainment', u'19 Entertainment', u'Horizon Entertainment (Virginia)', u'Strikes &amp; Spares', u'Korea Entertainment Journal', u'Morningstar Entertainment', u'VNB Entertainment', u'Amaze Entertainment', u'Haven Entertainment', u'Hollywood Park', u'Lavi$h Entertainment', u'Music World Entertainment', u'Entertainment Labor Force', u'Squash House Entertainment', u'BlackLight Entertainment', u'HERO Entertainment Marketing', u'American Coin Merchandising', u'Bellon Entertainment', u'LakeShow Entertainment', u'Sowa Entertainment', u'Entertainment Technology Center', u'About Faces Entertainment', u'ITEC Entertainment', u'Boss Fight Entertainment', u'SINJI ENTERTAINMENT GROUP', u'Warren Miller Entertainment', u'AmWest Entertainment', u'Space Dwarves Entertainment', u'Elixir', u'ramp it up entertainment', u'DIC Entertainment', u'James Brown Arena', u'LXL Sports &amp; Lifestyle Entertainment', u'Home Entertainment Design', u'All Around Entertainment', u'Interplay Entertainment Corp.', u'Engel Entertainment', u'Keystone Entertainment', u'Joliet Slammers', u'Carbone Entertainment', u'Maya Entertainment', u'ASA Entertainment', u'EBE Events and Entertainment', u'BAM!', u'Ultimate Entertainment', u'MY Entertainment', u'2929 Entertainment', u'Parlay Entertainment', u'4 Wall Entertainment', u"Jason's Woods Entertainment", u'Seven Levels Entertainment', u'Organized Khaos Entertainment', u'Renaissance Entertainment Productions', u'Iron Lore Entertainment', u'Starstruck Entertainment Services', u'Phillips Entertainment', u'Pulse Entertainment', u'Accel Entertainment', u'JYP Entertainment USA', u'Iconic Entertainment', u'Rendezvous Entertainment', u'Thruline Entertainment', u'Global Entertainment Corporation', u'JBC Entertainment', u'Creative Management Entertainment Group', u'Handmade Mobile Entertainment', u'Shutterbox Entertainment', u'indiePub Entertainment']
Name	Job	Industry	Sector	Number of ratings	Overall rating	Culture and values	Work life balance	Senior Leadership	Compensation and benefits	Career opportunities	Recommend to friend	Name CEO	Pourcentage approve CEO
Entertainment Publications dba Entertainment Promotions	Overall	Membership Organizations	Business Services	95	1.9	3.1	3.4	1.8	3.1	1.6	0.1	Lowell Potiker	17
AMC Entertainment	Overall	Movie Theaters	Arts, Entertainment &amp; Recreation	1027	3.1	3.1	3.0	2.9	2.3	2.8	0.5	Gerry Lopez	63
Six Flags	Overall	Museums, Zoos &amp; Amusement Parks	Arts, Entertainment &amp; Recreation	900	3.4	3.3	3.1	3.1	2.8	3.2	0.6	James W. P. (Jim) Reid-Anderson	87
Regal Entertainment	Overall	Sports &amp; Recreation	Arts, Entertainment &amp; Recreation	838	3.2	3.0	3.2	3.0	2.5	2.9	0.6	Amy E. Miles	66
Caesars Entertainment	Overall	Sports &amp; Recreation	Arts, Entertainment &amp; Recreation	625	3	3.0	2.6	2.5	3.1	3.0	0.5	Mark Frissora	48
Turner Broadcasting	Overall	TV Broadcast &amp; Cable Networks	Media	654	3.6	3.5	3.7	3.0	3.6	3.0	0.7	John Martin	55
Chuck E. Cheese's	Overall	Casual Restaurants	Restaurants, Bars &amp; Food Services	491	2.8	2.9	2.7	2.6	2.2	2.9	0.4	Tom Leverton	39
Clear Channel	Overall	Radio	Media	508	3	3.1	3.3	2.7	2.6	2.7	0.5	Bob Pittman	56
Universal Studios	Overall	Motion Picture Production &amp; Distribution	Media	362	3.8	3.8	3.5	3.3	3.4	3.5	0.8	Ron Meyer	92
Warner Bros.	Overall	Motion Picture Production &amp; Distribution	Media	370	3.7	3.4	3.3	3.1	3.6	3.1	0.7	Kevin Tsujihara	78
CBS	Overall	Motion Picture Production &amp; Distribution	Media	215	3.7	3.4	3.5	3.1	3.4	3.3	0.7	Leslie Moonves	77
Paramount Pictures	Overall	Motion Picture Production &amp; Distribution	Media	220	3.5	3.7	3.8	3.1	3.1	3.3	0.8	Brad Grey	41
Twentieth Century Fox	Overall	Motion Picture Production &amp; Distribution	Media	221	3.7	3.6	3.5	3.2	3.5	3.4	0.8	Jim Gianopoulos	98
iHeartMedia	Overall	Radio	Media	186	2.9	2.8	3.0	2.6	2.2	2.4	0.4	Robert W. (Bob) Pittman	56
Ticketmaster	Overall	Ticket Sales	Arts, Entertainment &amp; Recreation	234	3.5	3.5	3.6	3.1	3.1	3.4	0.7	Jared Smith and Mark Yovich	85
Deluxe Entertainment	Overall	Motion Picture Production &amp; Distribution	Media	221	2.8	2.4	2.4	2.3	2.9	2.5	0.4	John Wallace	40
OMD	Overall	Advertising &amp; Marketing	Business Services	194	3	2.8	2.3	2.7	2.8	3.2	0.5	Mainardo de Nardis	67
Sea World	Overall	Museums, Zoos &amp; Amusement Parks	Arts, Entertainment &amp; Recreation	134	3.4	3.9	3.4	2.9	3.1	3.1	0.7	Joel K. Manby	90
f.y.e.	Overall	Media &amp; Entertainment Retail Stores	Retail	145	3	2.8	2.9	2.3	2.3	2.5	0.4	Michael Feurer	43
FOX Broadcasting	Overall	Motion Picture Production &amp; Distribution	Media	123	3.4	3.1	2.9	2.9	3.4	3.0	0.6	Peter Rice	71
ARAMARK Sports &amp; Entertainment Group	Overall	Museums, Zoos &amp; Amusement Parks	Arts, Entertainment &amp; Recreation	90	3	2.8	2.3	2.5	2.7	3.1	0.5	Eric J. Foss	49
Lionsgate	Overall	Motion Picture Production &amp; Distribution	Media	82	3.1	3.3	3.0	2.9	2.5	3.1	0.6	Jon Feltheimer	49
Hershey Entertainment	Overall	Museums, Zoos &amp; Amusement Parks	Arts, Entertainment &amp; Recreation	80	3.5	3.7	3.3	3.2	3.1	3.2	0.7	William F. Simpson, Jr	0
Cedar Point Amusement Park	Overall	Museums, Zoos &amp; Amusement Parks	Arts, Entertainment &amp; Recreation	73	3.2	3.0	2.2	2.5	2.1	2.4	0.5		
Entertainment Partners	Overall	Computer Hardware &amp; Software	Information Technology	71	3.2	3.1	3.1	2.2	3.5	2.8	0.5	Mark Goldstein	54
WME	Overall	Talent &amp; Modeling Agencies	Arts, Entertainment &amp; Recreation	75	3.6	3.2	2.6	3.6	2.7	3.8	0.7	Ari Emanuel	-100
Ubisoft	Overall	Video Games	Media	442	3.6	3.9	4.0	3.3	3.5	3.2	0.7	Yves Guillemot	91
Feld Entertainment	Overall	Sports &amp; Recreation	Arts, Entertainment &amp; Recreation	72	2.9	2.4	2.3	2.4	2.9	2.5	0.4	Ken Feld	82
AEG	Overall	Real Estate	Real Estate	72	3.7	3.7	3.9	3.7	3.0	3.3	0.8	Dan Beckerman	96
IGN Entertainment	Overall	
MGA Entertainment	Overall	Consumer Products Manufacturing	Manufacturing	55	2.2	2.2	2.4	2.1	2.6	2.4	0.3	Isaac Larian	36
Revel Entertainment	Overall	Hotels, Motels, &amp; Resorts	Travel &amp; Tourism	54	3	3.0	2.9	1.7	3.3	2.8	0.2	Jeffrey Hartmann	9
Warner Bros. Home Entertainment	Overall	Motion Picture Production &amp; Distribution	Media	62	3.5	3.5	3.1	2.8	3.9	2.7	0.7	Ronald J. Sanders	77
Trans World Entertainment	Overall	Media &amp; Entertainment Retail Stores	Retail	58	2.3	2.2	2.3	2.6	1.9	2.1	0.1	Robert J. Higgins	7
Aeria Games	Overall	Video Games	Media	86	2.9	3.1	3.4	2.9	2.1	3.3	0.5	Pascal Zuta	41
Champps Americana	Overall	Casual Restaurants	Restaurants, Bars &amp; Food Services	49	3.2	3.0	2.9	3.0	2.6	2.4	0.6	Dean Vlahos	59
Marvel Entertainment	Overall	Motion Picture Production &amp; Distribution	Media	48	2.5	2.7	2.9	2.2	2.1	2.2	0.4	Isaac "Ike" Perlmutter	29
Perfect World Entertainment	Overall	Computer Hardware &amp; Software	Information Technology	50	2.8	2.7	3.2	2.2	3.2	2.5	0.3	Robert Hong Xiao	0
CBS TV Distribution	Overall	TV Broadcast &amp; Cable Networks	Media	44	3.5	2.9	3.6	3.4	3.2	3.1	0.8	Aaron Meyerson	61
Palace Entertainment	Overall	Museums, Zoos &amp; Amusement Parks	Arts, Entertainment &amp; Recreation	43	3.2	2.9	3.6	2.9	2.9	3.3	0.6	Fernando Eiroa	59
Ripley Entertainment	Overall	Museums, Zoos &amp; Amusement Parks	Arts, Entertainment &amp; Recreation	37	2.9	2.8	3.0	2.7	2.4	2.6	0.5	Jim Pattison Jr.	51
Gaylord Entertainment	Overall	Hotels, Motels, &amp; Resorts	Travel &amp; Tourism	44	3.9	4.2	3.2	3.3	3.3	3.5	0.7	Colin V. Reed	89
Konami Digital Entertainment	Overall			39	2.6	2.0	2.4	1.8	3.2	2.4	0.2		
E! Entertainment Television	Overall	TV Broadcast &amp; Cable Networks	Media	36	3.2	3.5	3.6	3.1	3.0	3.3	0.7	Stephen Burke	85
Sleepy Giant Entertainment	Overall	Sports &amp; Recreation	Arts, Entertainment &amp; Recreation	40	2.7	3.0	3.2	2.3	2.3	2.2	0.3	Matthew Hannus	26
KingsIsle Entertainment	Overall	Video Games	Media	32	3.3	3.1	3.6	2.8	3.0	2.8	0.6	Elie Akilian	61
LucasArts	Overall	Video Games	Media	40	4.1	3.6	3.6	2.9	3.0	3.2	0.5	Kevin Parker	84
InMotion Entertainment	Overall	Consumer Electronics &amp; Appliances Stores	Retail	33	2.2	2.0	1.9	2.0	2.0	2.1	0.3	Jeremy Smith	49
SBE Entertainment Group	Overall	Hotels, Motels, &amp; Resorts	Travel &amp; Tourism	33	3.4	2.9	2.7	2.9	3.1	2.8	0.6	Sam Nazarian	76
Washington Sports	Overall	Sports &amp; Recreation	Arts, Entertainment &amp; Recreation	33	2.7	3.0	2.4	2.3	2.4	2.7	0.4	Ted Leonsis	86
Burns Entertainment And Sports Marketing	Overall	Talent &amp; Modeling Agencies	Arts, Entertainment &amp; Recreation	24	3.1	3.6	3.9	3.7	2.4	3.3	0.7	Bob Williams	65
DC Comics	Overall	Publishing	Media	20	3.3	3.2	3.6	2.6	3.5	2.6	0.7	Diane Nelson	33
Kennywood	Overall	Museums, Zoos &amp; Amusement Parks	Arts, Entertainment &amp; Recreation	20	2.5	3.1	2.0	2.3	1.5	2.2	0.3	Harry Henninger	62
CeX Webuy Entertainment	Overall	Computer Hardware &amp; Software	Information Technology	45	3	3.1	2.9	3.1	1.6	2.9	0.5	Robert Dudani	0
CID Entertainment	Overall	Sports &amp; Recreation	Arts, Entertainment &amp; Recreation	16	3.8	4.2	3.2	3.5	3.2	3.8	0.6	Dan Berkowitz	59
RGH	Overall	Motion Picture Production &amp; Distribution	Media	19	2.4	2.2	3.0	1.7	2.3	2.0	0.3		
Trump Resorts	Overall	Gambling	Arts, Entertainment &amp; Recreation	17	2.9	2.8	3.1	2.9	2.4	2.8	0.3	Robert F. (Bob) Griffin	29
Motorcity Hotel &amp; Casino	Overall	Gambling	Arts, Entertainment &amp; Recreation	17	2.9	3.0	2.4	2.1	3.4	2.6	0.6		
Foundation 9 Entertainment	Overall	Computer Hardware &amp; Software	Information Technology	16	3	3.0	2.9	2.3	2.8	2.5	0.4	James North-Hearn	0
Warner Bros. Interactive Entertainment	Overall	Video Games	Media	23	3.6	3.5	3.9	3.0	3.3	2.9	0.7	Martin Tremblay	68
High Noon Entertainment	Overall	TV Broadcast &amp; Cable Networks	Media	16	2.8	2.8	2.6	2.8	2.8	3.0	0.6	Jim Berger	59
Intergi Entertainment	Overall	Advertising &amp; Marketing	Business Services	14	3.5	3.8	3.6	3.6	3.5	3.6	0.7		
Chelsea Piers	Overall	Sports &amp; Recreation	Arts, Entertainment &amp; Recreation	15	3.1	3.3	3.0	2.7	2.5	2.8	0.4	Tom A. Bernstein	100
Tropicana Entertainment	Overall	Gambling	Arts, Entertainment &amp; Recreation	14	2.6	2.3	2.8	2.3	2.2	2.6	0.4	Carl C. Icahn	60
Entertainment Fusion Group	Overall	Accounting	Accounting &amp; Legal	14	2.2	1.9	2.3	1.8	1.7	2.2	0.3	Peter Philipp Wingsoe	45
Spurs Sports &amp; Entertainment	Overall	Sports &amp; Recreation	Arts, Entertainment &amp; Recreation	16	3.6	4.1	2.9	3.3	2.8	3.1	0.8	Peter M. Holt	85
Stratosphere Hotel Casino	Overall	Gambling	Arts, Entertainment &amp; Recreation	13	2.9	3.0	3.3	2.4	3.1	2.6	0.4		
MSG Entertainment	Overall	Performing Arts	Arts, Entertainment &amp; Recreation	13	2.8	2.7	2.4	2.5	2.8	2.8	0.5	Tad Smith	19
Asia TV USA	Overall	TV Broadcast &amp; Cable Networks	Media	14	1.6	1.3	1.6	1.2	1.9	1.7	0.0	Subhash Chandra	0
Lifetime	Overall	TV Broadcast &amp; Cable Networks	Media	17	3.2	3.1	2.7	2.8	3.3	3.3	0.8	Abbe Raven	70
Silver Dollar City	Overall	Sports &amp; Recreation	Arts, Entertainment &amp; Recreation	13	3.6	4.0	2.8	3.4	2.6	2.4	0.7		
DigiPhoto Entertainment	Overall	Consulting	Business Services	16	2.6	2.3	2.1	2.2	1.7	1.6	0.2		
Horseshoe Casino Cleveland	Overall	Sports &amp; Recreation	Arts, Entertainment &amp; Recreation	13	3.3	3.7	2.1	2.8	3.5	3.6	0.7		
NEN	Overall	Consumer Products Manufacturing	Manufacturing	15	2.5	2.9	2.6	2.5	2.6	2.5	0.3	Kevin Wall	35
Obsidian Entertainment	Overall	Video Games	Media	13	4.2	4.6	3.7	4.1	3.5	4.0	0.9	Feargus Urquhart	100
Red Storm Entertainment	Overall	Video Games	Media	13	3.1	3.2	3.9	2.8	3.3	2.8	0.5	Steve Reid	70
Alliance Entertainment	Overall	Media &amp; Entertainment Retail Stores	Retail	14	3.4	2.9	3.2	2.7	3.3	2.4	0.4	Mike Davis	50
Fame House	Overall	Advertising &amp; Marketing	Business Services	12	3.8	3.6	3.2	3.5	3.1	3.8	0.6	Michael Fiebach	100
Catfish Entertainment	Overall	Consulting	Business Services	12	1.7	2.2	1.7	1.3	1.2	1.8	0.0		
San Jose Sharks	Overall	Sports &amp; Recreation	Arts, Entertainment &amp; Recreation	13	3.4	3.1	3.4	3.3	3.0	2.6	0.7	Doug Wilson	82
CSE	Overall	Advertising &amp; Marketing	Business Services	13	3.4	3.5	3.7	3.1	2.8	3.5	0.6	Lonnie Cooper	100
Jambox Entertainment	Overall	Music Production &amp; Distribution	Media	11	3.3	3.3	4.0	2.8	2.5	2.9	0.5		
Bento Box Entertainment	Overall	Motion Picture Production &amp; Distribution	Media	11	2.7	2.6	2.3	2.4	2.8	2.0	0.2	Scott Greenberg	33
Dover Downs Gaming	Overall	Gambling	Arts, Entertainment &amp; Recreation	12	3.3	3.3	3.0	2.7	3.4	3.4	0.5	Denis McGlynn	85
Voltage Entertainment USA	Overall	Advertising &amp; Marketing	Business Services	12	1.8	1.9	2.3	1.7	2.5	1.8	0.3		
WestStar Multimedia Entertainment	Overall	Radio	Media	13	2.6	2.7	2.9	2.7	2.7	2.7	0.4	Barry Young	-100
Levy Home Entertainment	Overall	Media &amp; Entertainment Retail Stores	Retail	13	2.3	2.1	3.3	2.1	2.4	1.7	0.4	Carol Kloster	40
Artix Entertainment	Overall	Video Games	Media	12	3	3.0	4.5	2.7	3.4	2.7	0.5	Artix von Krieger	70
SHFL Entertainment	Overall	Sports &amp; Recreation	Arts, Entertainment &amp; Recreation	12	4.1	4.4	4.0	3.7	4.2	3.8	0.9		
Vivendi Entertainment	Overall	Motion Picture Production &amp; Distribution	Media	11	3.1	2.2	3.1	2.2	4.2	3.4	0.2	Tom O'Malley	20
HIT Entertainment	Overall	TV Broadcast &amp; Cable Networks	Media	12	2.9	3.0	3.2	2.4	3.0	2.8	0.6	Bryan G. Stockton	27
Entertainment One	Overall	Motion Picture Production &amp; Distribution	Media	34	3	4.1	3.4	4.0	3.2	3.8	0.9	Darren Throop	78
GRB Entertainment	Overall	TV Broadcast &amp; Cable Networks	Media	10	3.9	3.7	3.8	3.4	3.1	3.0	0.7	Gary R. Benz	100
Providence Sports + Entertainment	Overall	Advertising &amp; Marketing	Business Services	9	1.3	0.0	0.0	0.0	0.0	0.0	0.0	Jeff Fear	0
Entertainment Studios	Overall	TV Broadcast &amp; Cable Networks	Media	9	1.7	0.0	0.0	0.0	0.0	0.0	0.0	Byron Allen	22
Trendy Entertainment	Overall	Video Games	Media	10	2.5	0.0	0.0	0.0	0.0	0.0	0.0	Darrell Rodriguez	50
Monarc Gaming Labs	Overall	Video Games	Media	9	4.5	0.0	0.0	0.0	0.0	0.0	0.0		
Herschend Entertainment	Overall	Museums, Zoos &amp; Amusement Parks	Arts, Entertainment &amp; Recreation	10	3.6	0.0	0.0	0.0	0.0	0.0	0.0	Joel Manby	93
Olympia Entertainment	Overall	Sports &amp; Recreation	Arts, Entertainment &amp; Recreation	9	3	0.0	0.0	0.0	0.0	0.0	0.0		
Kroenke Sports &amp; Entertainment	Overall	Sports &amp; Recreation	Arts, Entertainment &amp; Recreation	22	2.8	3.1	3.0	2.6	2.6	2.8	0.6	Stan Kroenke	52
Sharp Entertainment	Overall	TV Broadcast &amp; Cable Networks	Media	8	3	0.0	0.0	0.0	0.0	0.0	0.0		
TRC Family Entertainment	Overall	Sports &amp; Recreation	Arts, Entertainment &amp; Recreation	59	2.4	0.0	0.0	0.0	0.0	0.0	0.0	Paul Taylor	44
New Wave Entertainment	Overall	Advertising &amp; Marketing	Business Services	10	3.1	0.0	0.0	0.0	0.0	0.0	0.0	Allen Haines	36
Neversoft Entertainment	Overall	Video Games	Media	8	3.9	0.0	0.0	0.0	0.0	0.0	0.0	Joel Jewett	100
SkyVu Entertainment	Overall	Video Games	Media	8	1.5	0.0	0.0	0.0	0.0	0.0	0.0	Ben Vu	15
SkyZone Entertainment	Overall	Telecommunications Manufacturing	Telecommunications	7	3.6	0.0	0.0	0.0	0.0	0.0	0.0	Sung Lee	100
AEI Dish	Overall	Cable, Internet &amp; Telephone Providers	Telecommunications	7	3.2	0.0	0.0	0.0	0.0	0.0	0.0		
Bad Boy Entertainment	Overall	Music Production &amp; Distribution	Media	8	2.8	0.0	0.0	0.0	0.0	0.0	0.0	Diddy Combs	60
Legendary Pictures	Overall	Motion Picture Production &amp; Distribution	Media	7	4	0.0	0.0	0.0	0.0	0.0	0.0	Thomas Tull	100
Picture Show Entertainment	Overall	Movie Theaters	Arts, Entertainment &amp; Recreation	7	2.9	0.0	0.0	0.0	0.0	0.0	0.0		
Roundabout Entertainment	Overall	Motion Picture Production &amp; Distribution	Media	7	3.3	0.0	0.0	0.0	0.0	0.0	0.0	Deborah M Willard	51
MECA Omaha	Overall	Real Estate	Real Estate	10	3.2	0.0	0.0	0.0	0.0	0.0	0.0	Roger Dickson	100
Majesco Entertainment	Overall	Video Games	Media	6	2.2	0.0	0.0	0.0	0.0	0.0	0.0	Jesse Sutton	0
The Strip Entertainment Group	Overall	Bars &amp; Nightclubs	Arts, Entertainment &amp; Recreation	6	4.7	0.0	0.0	0.0	0.0	0.0	0.0		
The Villages	Overall	Real Estate	Real Estate	6	2.8	0.0	0.0	0.0	0.0	0.0	0.0		
Big Night Entertainment Group	Overall	Casual Restaurants	Restaurants, Bars &amp; Food Services	6	3.9	0.0	0.0	0.0	0.0	0.0	0.0		
Bookmans Entertainment Exchange	Overall	Media &amp; Entertainment Retail Stores	Retail	6	3	0.0	0.0	0.0	0.0	0.0	0.0		
Cybernet Entertainment	Overall	Sports &amp; Recreation	Arts, Entertainment &amp; Recreation	6	2.7	0.0	0.0	0.0	0.0	0.0	0.0		
Wind-Up Entertainment	Overall	Music Production &amp; Distribution	Media	6	4.1	0.0	0.0	0.0	0.0	0.0	0.0	Alan Meltzer	86
Hudson Entertainment	Overall	Video Games	Media	6	2.3	0.0	0.0	0.0	0.0	0.0	0.0	Satoshi Kato	100
Jump!Zone	Overall	Museums, Zoos &amp; Amusement Parks	Arts, Entertainment &amp; Recreation	6	2.8	0.0	0.0	0.0	0.0	0.0	0.0		
Corbis Entertainment	Overall	Sports &amp; Recreation	Arts, Entertainment &amp; Recreation	8	2.3	0.0	0.0	0.0	0.0	0.0	0.0	Mark Owens	25
Santa Monica Studios	Overall	Video Games	Media	6	4.5	0.0	0.0	0.0	0.0	0.0	0.0	Shawn Layden	100
AMI Entertainment Network	Overall	Consumer Products Manufacturing	Manufacturing	6	3.9	0.0	0.0	0.0	0.0	0.0	0.0	Michael Maas	100
Vista Entertainment Solutions	Overall	Computer Hardware &amp; Software	Information Technology	6	4.8	0.0	0.0	0.0	0.0	0.0	0.0	Murray Holdaway	100
Games2U	Overall	Sports &amp; Recreation	Arts, Entertainment &amp; Recreation	5	4.1	0.0	0.0	0.0	0.0	0.0	0.0	Stu Pikoff	100
NHN Entertainment Labs	Overall	Video Games	Media	9	4.5	0.0	0.0	0.0	0.0	0.0	0.0		
Animax	Overall	Motion Picture Production &amp; Distribution	Media	6	5	0.0	0.0	0.0	0.0	0.0	0.0	Michael Bellavia	100
YES Network	Overall	TV Broadcast &amp; Cable Networks	Media	6	4.4	0.0	0.0	0.0	0.0	0.0	0.0	Tracy Dolgin	100
WeMade Entertainment	Overall	Computer Hardware &amp; Software	Information Technology	6	2.4	0.0	0.0	0.0	0.0	0.0	0.0	Kisung Kim	0
Jupiter Entertainment	Overall	Motion Picture Production &amp; Distribution	Media	5	4.3	0.0	0.0	0.0	0.0	0.0	0.0	Stephen Land	100
Cryptozoic	Overall	Motion Picture Production &amp; Distribution	Media	5	3.2	0.0	0.0	0.0	0.0	0.0	0.0	John Nee	100
WE TV	Overall	Motion Picture Production &amp; Distribution	Media	5	2.6	0.0	0.0	0.0	0.0	0.0	0.0	Kathleen A. Dore	0
Shoreline Entertainment	Overall	Motion Picture Production &amp; Distribution	Media	5	4.4	0.0	0.0	0.0	0.0	0.0	0.0	Morris Ruskin	79
Altitude Sports &amp; Entertainment	Overall	TV Broadcast &amp; Cable Networks	Media	5	3.5	0.0	0.0	0.0	0.0	0.0	0.0		
En Masse Entertainment	Overall	Computer Hardware &amp; Software	Information Technology	5	4	0.0	0.0	0.0	0.0	0.0	0.0	Chris Lee	100
Pritchard Sports &amp; Entertainment Group	Overall	Advertising &amp; Marketing	Business Services	5	2.3	0.0	0.0	0.0	0.0	0.0	0.0	Donald Rankin	100
EMG	Overall	Advertising &amp; Marketing	Business Services	6	3.6	0.0	0.0	0.0	0.0	0.0	0.0		
Unknown Worlds Entertainment	Overall	Video Games	Media	12	3.4	0.0	0.0	0.0	0.0	0.0	0.0	Charlie Cleveland	0
Anchor Bay	Overall	Industrial Manufacturing	Manufacturing	5	3.6	0.0	0.0	0.0	0.0	0.0	0.0	Bill Clark	100
King	Overall	Internet	Information Technology	47	4	0.0	0.0	0.0	0.0	0.0	0.0	Riccardo Zacconi	100
Naked Sky Entertainment	Overall	Video Games	Media	4	3.3	0.0	0.0	0.0	0.0	0.0	0.0	Tian Mu	0
Backbone Entertainment	Overall	Advertising &amp; Marketing	Business Services	7	3.4	0.0	0.0	0.0	0.0	0.0	0.0	James North-Hearn	0
True Entertainment	Overall	TV Broadcast &amp; Cable Networks	Media	4	2.9	0.0	0.0	0.0	0.0	0.0	0.0		
Innovation Arts and Entertainment	Overall	Performing Arts	Arts, Entertainment &amp; Recreation	4	1.6	0.0	0.0	0.0	0.0	0.0	0.0		
Big Red Button Entertainment	Overall	Video Games	Media	4	4	0.0	0.0	0.0	0.0	0.0	0.0	Bob Rafei	100
Daybreak Game Company	Overall	Video Games	Media	4	1.8	0.0	0.0	0.0	0.0	0.0	0.0	Russell Shanks	50
Propaganda Global Entertainment Marketing	Overall	Advertising &amp; Marketing	Business Services	5	3.1	0.0	0.0	0.0	0.0	0.0	0.0		
Illumination Entertainment	Overall	Motion Picture Production &amp; Distribution	Media	4	5	0.0	0.0	0.0	0.0	0.0	0.0	Chris Meledandri	100
North American Midway Entertainment	Overall	Sports &amp; Recreation	Arts, Entertainment &amp; Recreation	10	3.1	0.0	0.0	0.0	0.0	0.0	0.0		
Arenas	Overall	Advertising &amp; Marketing	Business Services	4	3.2	0.0	0.0	0.0	0.0	0.0	0.0	Santiago Pozo	33
Jacobs Entertainment	Overall	Gambling	Arts, Entertainment &amp; Recreation	5	3	0.0	0.0	0.0	0.0	0.0	0.0	Jeffrey P. Jacobs	100
ImaginAsian Entertainment	Overall	Sports &amp; Recreation	Arts, Entertainment &amp; Recreation	4	2.4	0.0	0.0	0.0	0.0	0.0	0.0	Augustine SC Hong	38
Davie Brown Entertainment	Overall	Accounting	Accounting &amp; Legal	4	3.2	0.0	0.0	0.0	0.0	0.0	0.0	Lewis Henderson	0
Hot Shots Imaging	Overall	Photography	Arts, Entertainment &amp; Recreation	4	3.3	0.0	0.0	0.0	0.0	0.0	0.0		
Endless Entertainment	Overall	Advertising &amp; Marketing	Business Services	4	4.2	0.0	0.0	0.0	0.0	0.0	0.0	Will Curran	100
AC Entertainment	Overall	Sports &amp; Recreation	Arts, Entertainment &amp; Recreation	5	3.6	0.0	0.0	0.0	0.0	0.0	0.0	Boyd A Capps Jr	100
Rock The House Entertainment Group	Overall	Sports &amp; Recreation	Arts, Entertainment &amp; Recreation	4	3.3	0.0	0.0	0.0	0.0	0.0	0.0	Matt Radicelli	0
Rumble Entertainment	Overall	Computer Hardware &amp; Software	Information Technology	4	4.4	0.0	0.0	0.0	0.0	0.0	0.0		
SmartTix	Overall	Ticket Sales	Arts, Entertainment &amp; Recreation	4	3.7	0.0	0.0	0.0	0.0	0.0	0.0		
Summit Entertainment	Overall	Motion Picture Production &amp; Distribution	Media	4	2.3	0.0	0.0	0.0	0.0	0.0	0.0	Rob Friedman	0
FilmNation	Overall	Motion Picture Production &amp; Distribution	Media	4	4.1	0.0	0.0	0.0	0.0	0.0	0.0	Aaron Ryder	100
Datasat Digital	Overall	Motion Picture Production &amp; Distribution	Media	4	2.6	0.0	0.0	0.0	0.0	0.0	0.0		
Ming Entertainment Group	Overall			3	2.9	0.0	0.0	0.0	0.0	0.0	0.0		
c.2K Communications	Overall	Advertising &amp; Marketing	Business Services	3	4.7	0.0	0.0	0.0	0.0	0.0	0.0		
Sonar Entertainment	Overall			3	4.7	0.0	0.0	0.0	0.0	0.0	0.0		
All Pro Sports &amp; Entertainment	Overall	Health, Beauty, &amp; Fitness	Consumer Services	3	2.4	0.0	0.0	0.0	0.0	0.0	0.0		
The Row / Dualstar Entertainment Group	Overall	Department, Clothing, &amp; Shoe Stores	Retail	3	4	0.0	0.0	0.0	0.0	0.0	0.0		
Respawn Entertainment	Overall	Video Games	Media	3	5	0.0	0.0	0.0	0.0	0.0	0.0	Vince Zampella	100
Mandalay	Overall	Motion Picture Production &amp; Distribution	Media	3	3.4	0.0	0.0	0.0	0.0	0.0	0.0	Peter Guber	100
Word Entertainment	Overall	Industrial Manufacturing	Manufacturing	3	2.1	0.0	0.0	0.0	0.0	0.0	0.0	Mark Bright	0
Dada Entertainment	Overall	Internet	Information Technology	3	3.3	0.0	0.0	0.0	0.0	0.0	0.0	Massimiliano (Max) Pellegrini	0
DICE (Sweden)	Overall	Video Games	Media	10	4.2	0.0	0.0	0.0	0.0	0.0	0.0		
Excalibur Films	Overall	Sports &amp; Recreation	Arts, Entertainment &amp; Recreation	3	4	0.0	0.0	0.0	0.0	0.0	0.0	Vince Sanchez	0
Suncoast Entertainment	Overall	Sports &amp; Recreation	Arts, Entertainment &amp; Recreation	3	4	0.0	0.0	0.0	0.0	0.0	0.0		
UGO Networks	Overall	Internet	Information Technology	3	3.5	0.0	0.0	0.0	0.0	0.0	0.0	J Moses	73
Trium Entertainment	Overall	TV Broadcast &amp; Cable Networks	Media	3	2.4	0.0	0.0	0.0	0.0	0.0	0.0	Mark Koops	0
Digital Entertainment Systems	Overall	Commercial Equipment Rental	Transportation &amp; Logistics	3	2.6	0.0	0.0	0.0	0.0	0.0	0.0	Kevin Lambidonis	0
Bardel Entertainment	Overall	TV Broadcast &amp; Cable Networks	Media	26	2.4	0.0	0.0	0.0	0.0	0.0	0.0	Delna Bhesania	8
Road Rebel Entertainment Touring	Overall	Talent &amp; Modeling Agencies	Arts, Entertainment &amp; Recreation	3	2	0.0	0.0	0.0	0.0	0.0	0.0	Greg Stankovich	0
Halon Entertainment	Overall	Motion Picture Production &amp; Distribution	Media	3	4.3	0.0	0.0	0.0	0.0	0.0	0.0	Daniel Gregoire	100
Empire Entertainment	Overall	Building &amp; Personnel Services	Business Services	4	2.9	0.0	0.0	0.0	0.0	0.0	0.0		
Pacers Sports &amp; Entertainment	Overall	Sports &amp; Recreation	Arts, Entertainment &amp; Recreation	3	5	0.0	0.0	0.0	0.0	0.0	0.0	Herbert Simon	100
Rigby's Entertainment Complex	Overall	Sports &amp; Recreation	Arts, Entertainment &amp; Recreation	3	3.6	0.0	0.0	0.0	0.0	0.0	0.0		
Overbrook Entertainment	Overall	Motion Picture Production &amp; Distribution	Media	3	3.3	0.0	0.0	0.0	0.0	0.0	0.0	Miguel Melendez	100
Pirates Dinner Adventure	Overall	Fast-Food &amp; Quick-Service Restaurants	Restaurants, Bars &amp; Food Services	4	2.6	0.0	0.0	0.0	0.0	0.0	0.0	Ramon Riba	0
Showcase Entertainment	Overall	Motion Picture Production &amp; Distribution	Media	3	4.1	0.0	0.0	0.0	0.0	0.0	0.0	David Jackson	0
Bradley Center	Overall	Sports &amp; Recreation	Arts, Entertainment &amp; Recreation	3	4.7	0.0	0.0	0.0	0.0	0.0	0.0	Steve Costello	100
Wild Rose Entertainment	Overall	Gambling	Arts, Entertainment &amp; Recreation	3	4	0.0	0.0	0.0	0.0	0.0	0.0	Tom Timmons	100
Family Entertainment Group	Overall	Sports &amp; Recreation	Arts, Entertainment &amp; Recreation	3	3.7	0.0	0.0	0.0	0.0	0.0	0.0	George Smith	100
Image Entertainment	Overall	Motion Picture Production &amp; Distribution	Media	4	2.5	0.0	0.0	0.0	0.0	0.0	0.0	Theodore S. (Ted) Green	0
Authentic Entertainment	Overall	Motion Picture Production &amp; Distribution	Media	3	3.6	0.0	0.0	0.0	0.0	0.0	0.0	Lauren Lexton	100
San Diego Studios	Overall	Video Games	Media	3	3.6	0.0	0.0	0.0	0.0	0.0	0.0		
InXile Entertainment	Overall	Video Games	Media	4	2.2	0.0	0.0	0.0	0.0	0.0	0.0	Brian Fargo	0
Cowen Herzog Entertainment	Overall	Motion Picture Production &amp; Distribution	Media	3	4	0.0	0.0	0.0	0.0	0.0	0.0		
Echo Bridge Entertainment	Overall	Sports &amp; Recreation	Arts, Entertainment &amp; Recreation	3	4.1	0.0	0.0	0.0	0.0	0.0	0.0		
Shiver Entertainment	Overall	Computer Hardware &amp; Software	Information Technology	3	3.3	0.0	0.0	0.0	0.0	0.0	0.0		
Key Brand Entertainment	Overall	Performing Arts	Arts, Entertainment &amp; Recreation	3	3.9	0.0	0.0	0.0	0.0	0.0	0.0	John Gore	100
Maloof Sports and Entertainment	Overall	Sports &amp; Recreation	Arts, Entertainment &amp; Recreation	3	2.6	0.0	0.0	0.0	0.0	0.0	0.0	Joseph Maloof,	0
Jekyll &amp; Hyde Entertainment Group	Overall	Advertising &amp; Marketing	Business Services	9	2.8	0.0	0.0	0.0	0.0	0.0	0.0	Mark Young	0
STILETTO Entertainment	Overall	Performing Arts	Arts, Entertainment &amp; Recreation	3	2.4	0.0	0.0	0.0	0.0	0.0	0.0		
Steve LeVine Entertainment	Overall	Advertising &amp; Marketing	Business Services	3	2	0.0	0.0	0.0	0.0	0.0	0.0	Steve LeVine	0
Rink Side	Overall	Sports &amp; Recreation	Arts, Entertainment &amp; Recreation	3	3.1	0.0	0.0	0.0	0.0	0.0	0.0		
R-E-D	Overall	Consulting	Business Services	40	3.7	2.3	1.8	2.5	2.8	2.1	0.6	Andy McRae	84
Fox Mobile Entertainment	Overall	Cable, Internet &amp; Telephone Providers	Telecommunications	3	2.7	0.0	0.0	0.0	0.0	0.0	0.0	Jason Aintabi	0
Paragon Theaters	Overall	Movie Theaters	Arts, Entertainment &amp; Recreation	4	3.2	0.0	0.0	0.0	0.0	0.0	0.0		
MSI Entertainment	Overall	Publishing	Media	3	1	0.0	0.0	0.0	0.0	0.0	0.0		
Topics Entertainment	Overall	Computer Hardware &amp; Software	Information Technology	3	1.9	0.0	0.0	0.0	0.0	0.0	0.0	Greg James	0
CJ Entertainment	Overall	Motion Picture Production &amp; Distribution	Media	5	3	0.0	0.0	0.0	0.0	0.0	0.0		
Ala Carte Entertainment	Overall	Casual Restaurants	Restaurants, Bars &amp; Food Services	5	2.7	0.0	0.0	0.0	0.0	0.0	0.0	Fred Hoffman	0
Pros Entertainment Services	Overall	Photography	Arts, Entertainment &amp; Recreation	4	2.5	0.0	0.0	0.0	0.0	0.0	0.0		
Magilla Entertainment	Overall	Motion Picture Production &amp; Distribution	Media	3	3.1	0.0	0.0	0.0	0.0	0.0	0.0	Brian Flanagan, Matthew Ostrom, &amp; Laura Palumbo Johnson	100
Savage Entertainment	Overall	
Netherfire Entertainment	Overall			2	3	0.0	0.0	0.0	0.0	0.0	0.0		
Media 8 Entertainment	Overall	Motion Picture Production &amp; Distribution	Media	3	2.6	0.0	0.0	0.0	0.0	0.0	0.0	Stewart Hall	0
General Sports &amp; Entertainment	Overall	Sporting Goods Stores	Retail	1571	3.2	0.0	0.0	0.0	0.0	0.0	0.0	Edward W. Stack	69
Stern Deeds	Overall	Consulting	Business Services	2	3.2	0.0	0.0	0.0	0.0	0.0	0.0	Nimmer Sterns	54
Bang Zoom! Entertainment	Overall			2	4.5	0.0	0.0	0.0	0.0	0.0	0.0		
Radical Entertainment	Overall	Video Games	Media	10	3.5	0.0	0.0	0.0	0.0	0.0	0.0	Kelly Zmak	100
Black Label Entertainment	Overall	Motion Picture Production &amp; Distribution	Media	2	1	0.0	0.0	0.0	0.0	0.0	0.0	Tyreese Brown	0
Shanda Interactive Entertainment	Overall	Internet	Information Technology	6	3.6	0.0	0.0	0.0	0.0	0.0	0.0	Tianqiao Chen	100
Cesar Santiago Entertainment	Overall	Consulting	Business Services	2	3.5	0.0	0.0	0.0	0.0	0.0	0.0		
3 Arts Entertainment	Overall	Motion Picture Production &amp; Distribution	Media	2	3.2	0.0	0.0	0.0	0.0	0.0	0.0		
Mood Entertainment	Overall	Music Production &amp; Distribution	Media	6	2.4	0.0	0.0	0.0	0.0	0.0	0.0	Lorne Abony	0
Bespoke Sports &amp; Entertainment	Overall			2	5	0.0	0.0	0.0	0.0	0.0	0.0		
Funworks Ent.	Overall	Sports &amp; Recreation	Arts, Entertainment &amp; Recreation	2	3	0.0	0.0	0.0	0.0	0.0	0.0		
Punch Entertainment	Overall	Cable, Internet &amp; Telephone Providers	Telecommunications	2	5	0.0	0.0	0.0	0.0	0.0	0.0	Tobin Lent	100
HOB Entertainment	Overall	Bars &amp; Nightclubs	Arts, Entertainment &amp; Recreation	2	2	0.0	0.0	0.0	0.0	0.0	0.0	Joe Kaczorowski	0
Stephen David Entertainment	Overall	TV Broadcast &amp; Cable Networks	Media	2	4.5	0.0	0.0	0.0	0.0	0.0	0.0	Stephen David	100
Crime Prevention Security Systems	Overall	Advertising &amp; Marketing	Business Services	2	2.5	0.0	0.0	0.0	0.0	0.0	0.0	John A. Pastore, Jr. and Randi Elrad	0
Imagine Entertainment	Overall	Motion Picture Production &amp; Distribution	Media	2	3.9	0.0	0.0	0.0	0.0	0.0	0.0	Michael Rosenberg	100
Virgin Entertainment Group	Overall	
Kopelson Entertainment	Overall			2	1.9	0.0	0.0	0.0	0.0	0.0	0.0		
Rainmaker Entertainment	Overall	Motion Picture Production &amp; Distribution	Media	16	2.9	0.0	0.0	0.0	0.0	0.0	0.0	Craig Graham	100
New Empire Entertainment Insurance Services	Overall	Insurance Agencies &amp; Brokerages	Insurance	2	4.1	0.0	0.0	0.0	0.0	0.0	0.0	Andee Abad	0
Oracle Entertainment Media	Overall	Motion Picture Production &amp; Distribution	Media	2	3.5	0.0	0.0	0.0	0.0	0.0	0.0	Art Benger	0
Infinity Sports &amp; Entertainment	Overall			2	3.6	0.0	0.0	0.0	0.0	0.0	0.0		
A &amp; D Entertainment	Overall	Food &amp; Beverage Manufacturing	Manufacturing	509	3.6	3.6	3.1	2.9	3.6	3.3	0.7	Grant F. Reid	91
Fast Lane Entertainment	Overall	Sports &amp; Recreation	Arts, Entertainment &amp; Recreation	2	3.1	0.0	0.0	0.0	0.0	0.0	0.0		
Four Entertainment	Overall	Casual Restaurants	Restaurants, Bars &amp; Food Services	2	3.1	0.0	0.0	0.0	0.0	0.0	0.0	Bob Deck	100
Hungama	Overall	
Tremendous! Entertainment	Overall	Motion Picture Production &amp; Distribution	Media	2	4	0.0	0.0	0.0	0.0	0.0	0.0		
Go Go Luckey	Overall	Motion Picture Production &amp; Distribution	Media	2	2.9	0.0	0.0	0.0	0.0	0.0	0.0	Henry Capanna	0
Another Planet	Overall	Performing Arts	Arts, Entertainment &amp; Recreation	2	3.5	0.0	0.0	0.0	0.0	0.0	0.0	Gregg Perloff	100
Masters Entertainment Group	Overall	TV Broadcast &amp; Cable Networks	Media	2	1	0.0	0.0	0.0	0.0	0.0	0.0		
Massive Entertainment	Overall	
Civic Entertainment Group	Overall	Advertising &amp; Marketing	Business Services	2	4	0.0	0.0	0.0	0.0	0.0	0.0		
Robot Entertainment	Overall	
Onmygrind Entertainment	Overall	
SISU Home Entertainment	Overall	
Firkin and Kegler Family Entertainment Center	Overall	
Rock It Entertainment	Overall	Advertising &amp; Marketing	Business Services	2	5	0.0	0.0	0.0	0.0	0.0	0.0		
Entertainment Consulting International	Overall			2	2.1	0.0	0.0	0.0	0.0	0.0	0.0		
Priority Sports &amp; Entertainment	Overall	Accounting	Accounting &amp; Legal	2	5	0.0	0.0	0.0	0.0	0.0	0.0	Mark Bartelstein	100
Meadowlands Racing &amp; Entertainment	Overall	
TLA Entertainment	Overall	
Mill Creek Entertainment	Overall	
Hi-Rise	Overall	Advertising &amp; Marketing	Business Services	2	3.2	0.0	0.0	0.0	0.0	0.0	0.0		
SD Entertainment	Overall	TV Broadcast &amp; Cable Networks	Media	2	4.6	0.0	0.0	0.0	0.0	0.0	0.0	Paul Sabella	100
Lakeshore Entertainment	Overall	Motion Picture Production &amp; Distribution	Media	2	4.6	0.0	0.0	0.0	0.0	0.0	0.0	Tom Rosenberg	100
Fantasy Entertainment	Overall	
SVSE	Overall	
Bearing Entertainment	Overall	
Namco Entertainment	Overall	Sports &amp; Recreation	Arts, Entertainment &amp; Recreation	2	1.6	0.0	0.0	0.0	0.0	0.0	0.0		
Tweeter Home Entertainment	Overall	Consumer Electronics &amp; Appliances Stores	Retail	2	3.4	0.0	0.0	0.0	0.0	0.0	0.0		
Alderac Entertainment	Overall	Computer Hardware &amp; Software	Information Technology	2	2.8	0.0	0.0	0.0	0.0	0.0	0.0	John Zinser	0
Artissimo Holdings	Overall	
KRD Entertainment	Overall	Advertising &amp; Marketing	Business Services	2	2.9	0.0	0.0	0.0	0.0	0.0	0.0	Joel Prender	0
Principato-Young Entertainment	Overall	
Valkyrie Entertainment	Overall	Video Games	Media	2	3	0.0	0.0	0.0	0.0	0.0	0.0		
Toy Box Entertainment	Overall	Advertising &amp; Marketing	Business Services	2	4	0.0	0.0	0.0	0.0	0.0	0.0	Barry Samson and Roland Mesa	0
Bigfoot Entertainment	Overall	Motion Picture Production &amp; Distribution	Media	10	2.2	0.0	0.0	0.0	0.0	0.0	0.0		
Brillstein	Overall	Talent &amp; Modeling Agencies	Arts, Entertainment &amp; Recreation	2	3.7	0.0	0.0	0.0	0.0	0.0	0.0	Jon Liebman	100
IFILM	Overall	Internet	Information Technology	2	2.5	0.0	0.0	0.0	0.0	0.0	0.0	Blair Harrison	0
Wannado City Entertainment	Overall			2	1	0.0	0.0	0.0	0.0	0.0	0.0		
Pixo Entertainment	Overall	Advertising &amp; Marketing	Business Services	2	2	0.0	0.0	0.0	0.0	0.0	0.0		
Funway	Overall	Sports &amp; Recreation	Arts, Entertainment &amp; Recreation	2	2.4	0.0	0.0	0.0	0.0	0.0	0.0	Robert Hansen	0
TEG Live	Overall	
Twistbox Entertainment	Overall	Internet	Information Technology	3	2.8	0.0	0.0	0.0	0.0	0.0	0.0	Ian Aaron	0
Integrity Marketing Group	Overall	
Romeo Entertainment Group	Overall	
Maple Leaf Sports &amp; Entertainment	Overall	Sports &amp; Recreation	Arts, Entertainment &amp; Recreation	36	3.5	0.0	0.0	0.0	0.0	0.0	0.0	Richard A. Peddie	79
Media Entertainment Productions	Overall	Motion Picture Production &amp; Distribution	Media	2	1	0.0	0.0	0.0	0.0	0.0	0.0	T.W. Clynes	0
Danny Vegh's Home Entertainment	Overall	
Wizard Entertainment	Overall	Publishing	Media	2	1	0.0	0.0	0.0	0.0	0.0	0.0		
Entertainment Management	Overall	
4Kids	Overall	
Metro Music Entertainment	Overall	Health, Beauty, &amp; Fitness	Consumer Services	2	3.4	0.0	0.0	0.0	0.0	0.0	0.0	Chris French	0
Endgame Entertainment	Overall			2	3.4	0.0	0.0	0.0	0.0	0.0	0.0		
Prometheus Entertainment	Overall	TV Broadcast &amp; Cable Networks	Media	2	3	0.0	0.0	0.0	0.0	0.0	0.0		
SERG Restaurant Group	Overall	Casual Restaurants	Restaurants, Bars &amp; Food Services	2	5	0.0	0.0	0.0	0.0	0.0	0.0	Steve Carb	100
Platform One Entertainment	Overall	Advertising &amp; Marketing	Business Services	2	3	0.0	0.0	0.0	0.0	0.0	0.0	Jeff Sodikoff	0
Cineplex Entertainment	Overall	Movie Theaters	Arts, Entertainment &amp; Recreation	222	3.3	0.0	0.0	0.0	0.0	0.0	0.0	Ellis Jacob	66
Park Tavern	Overall			2	3.6	0.0	0.0	0.0	0.0	0.0	0.0		
Santa Rosa Entertainment Group	Overall	
Rovio Entertainment	Overall	Video Games	Media	22	2.8	0.0	0.0	0.0	0.0	0.0	0.0		
Entertainment Earth	Overall	
Film Garden Entertainment	Overall	
Concept Entertainment	Overall	Casual Restaurants	Restaurants, Bars &amp; Food Services	2	2.5	0.0	0.0	0.0	0.0	0.0	0.0		
Fast Forward Entertainment	Overall	Consulting	Business Services	1	5	0.0	0.0	0.0	0.0	0.0	0.0	Jim DeCicco	0
12 Forward Entertainment	Overall	Motion Picture Production &amp; Distribution	Media	1	1	0.0	0.0	0.0	0.0	0.0	0.0		
Good Vibrations D.J. Entertainment	Overall	
Partizan Entertainment	Overall	Motion Picture Production &amp; Distribution	Media	1	4	0.0	0.0	0.0	0.0	0.0	0.0	Georges Bermann	100
19 Entertainment	Overall	Publishing	Media	1	2	0.0	0.0	0.0	0.0	0.0	0.0	Marc Graboff	0
Horizon Entertainment (Virginia)	Overall	
Strikes &amp; Spares	Overall	Sports &amp; Recreation	Arts, Entertainment &amp; Recreation	6	2	0.0	0.0	0.0	0.0	0.0	0.0		
Korea Entertainment Journal	Overall	News Outlet	Media	1	4	0.0	0.0	0.0	0.0	0.0	0.0	Zhang Ye	0
Morningstar Entertainment	Overall	Motion Picture Production &amp; Distribution	Media	1	4	0.0	0.0	0.0	0.0	0.0	0.0	Gary Tarpinian	0
VNB Entertainment	Overall	
Amaze Entertainment	Overall	
Haven Entertainment	Overall			1	2	0.0	0.0	0.0	0.0	0.0	0.0		
Hollywood Park	Overall	
Lavi$h Entertainment	Overall	
Music World Entertainment	Overall	
Entertainment Labor Force	Overall	Advertising &amp; Marketing	Business Services	1	3	0.0	0.0	0.0	0.0	0.0	0.0		
Squash House Entertainment	Overall	Motion Picture Production &amp; Distribution	Media	1	5	0.0	0.0	0.0	0.0	0.0	0.0	Jeff Hoffman	0
BlackLight Entertainment	Overall	Advertising &amp; Marketing	Business Services	1	4	0.0	0.0	0.0	0.0	0.0	0.0	Andre Ricketts	0
HERO Entertainment Marketing	Overall			1	5	0.0	0.0	0.0	0.0	0.0	0.0		
American Coin Merchandising	Overall			2	2.6	0.0	0.0	0.0	0.0	0.0	0.0	Randall J. Fagundo	53
Bellon Entertainment	Overall	Motion Picture Production &amp; Distribution	Media	1	2	0.0	0.0	0.0	0.0	0.0	0.0	Greg Bellon	0
LakeShow Entertainment	Overall	Bars &amp; Nightclubs	Arts, Entertainment &amp; Recreation	1	5	0.0	0.0	0.0	0.0	0.0	0.0	Nick Lake	0
Sowa Entertainment	Overall			1	4	0.0	0.0	0.0	0.0	0.0	0.0		
Entertainment Technology Center	Overall	
About Faces Entertainment	Overall	Performing Arts	Arts, Entertainment &amp; Recreation	1	4	0.0	0.0	0.0	0.0	0.0	0.0		
ITEC Entertainment	Overall	
Boss Fight Entertainment	Overall			1	4	0.0	0.0	0.0	0.0	0.0	0.0		
SINJI ENTERTAINMENT GROUP	Overall	
Warren Miller Entertainment	Overall	TV Broadcast &amp; Cable Networks	Media	1	3	0.0	0.0	0.0	0.0	0.0	0.0		
AmWest Entertainment	Overall	
Space Dwarves Entertainment	Overall			1	3	0.0	0.0	0.0	0.0	0.0	0.0		
Elixir	Overall	Industrial Manufacturing	Manufacturing	1	3	0.0	0.0	0.0	0.0	0.0	0.0	Clarence Y. M. Chung	0
ramp it up entertainment	Overall	Motion Picture Production &amp; Distribution	Media	1	5	0.0	0.0	0.0	0.0	0.0	0.0		
DIC Entertainment	Overall	
James Brown Arena	Overall			1	5	0.0	0.0	0.0	0.0	0.0	0.0		
LXL Sports &amp; Lifestyle Entertainment	Overall			1	4	0.0	0.0	0.0	0.0	0.0	0.0		
Home Entertainment Design	Overall	Industrial Manufacturing	Manufacturing	1	3	0.0	0.0	0.0	0.0	0.0	0.0	Jim Dennis	0
All Around Entertainment	Overall			1	4	0.0	0.0	0.0	0.0	0.0	0.0		
Engel Entertainment	Overall			1	3	0.0	0.0	0.0	0.0	0.0	0.0		
Keystone Entertainment	Overall	Motion Picture Production &amp; Distribution	Media	1	1	0.0	0.0	0.0	0.0	0.0	0.0	Robert Vince	0
Joliet Slammers	Overall	Sports &amp; Recreation	Arts, Entertainment &amp; Recreation	1	4	0.0	0.0	0.0	0.0	0.0	0.0		
Carbone Entertainment	Overall	Performing Arts	Arts, Entertainment &amp; Recreation	1	5	0.0	0.0	0.0	0.0	0.0	0.0	Karen Carbone	0
Maya Entertainment	Overall	Sports &amp; Recreation	Arts, Entertainment &amp; Recreation	2	3	0.0	0.0	0.0	0.0	0.0	0.0		
ASA Entertainment	Overall	Advertising &amp; Marketing	Business Services	1	3	0.0	0.0	0.0	0.0	0.0	0.0		
EBE Events and Entertainment	Overall			1	5	0.0	0.0	0.0	0.0	0.0	0.0		
BAM!	Overall	Media &amp; Entertainment Retail Stores	Retail	679	2.9	2.9	3.0	2.7	2.4	2.7	0.4	Terry Finley	47
Ultimate Entertainment	Overall	Health, Beauty, &amp; Fitness	Consumer Services	1	1	0.0	0.0	0.0	0.0	0.0	0.0		
MY Entertainment	Overall			1	4	0.0	0.0	0.0	0.0	0.0	0.0		
2929 Entertainment	Overall	
Parlay Entertainment	Overall	Video Games	Media	1	5	0.0	0.0	0.0	0.0	0.0	0.0	Scott F. White	0
4 Wall Entertainment	Overall	Sports &amp; Recreation	Arts, Entertainment &amp; Recreation	2	3.9	0.0	0.0	0.0	0.0	0.0	0.0		
Jason's Woods Entertainment	Overall	Sports &amp; Recreation	Arts, Entertainment &amp; Recreation	1	4	0.0	0.0	0.0	0.0	0.0	0.0		
Seven Levels Entertainment	Overall			1	4	0.0	0.0	0.0	0.0	0.0	0.0		
Organized Khaos Entertainment	Overall	Advertising &amp; Marketing	Business Services	1	4	0.0	0.0	0.0	0.0	0.0	0.0	Chi-Che	0
Renaissance Entertainment Productions	Overall			1	5	0.0	0.0	0.0	0.0	0.0	0.0		
Iron Lore Entertainment	Overall	Computer Hardware &amp; Software	Information Technology	1	5	0.0	0.0	0.0	0.0	0.0	0.0	Brian Sullivan	0
Starstruck Entertainment Services	Overall	Building &amp; Personnel Services	Business Services	1	3	0.0	0.0	0.0	0.0	0.0	0.0		
Phillips Entertainment	Overall			1	5	0.0	0.0	0.0	0.0	0.0	0.0		
Pulse Entertainment	Overall	Computer Hardware &amp; Software	Information Technology	1	4	0.0	0.0	0.0	0.0	0.0	0.0	Paul Anderson	0
Accel Entertainment	Overall			1	1	0.0	0.0	0.0	0.0	0.0	0.0		
JYP Entertainment USA	Overall	Sports &amp; Recreation	Arts, Entertainment &amp; Recreation	2	2	0.0	0.0	0.0	0.0	0.0	0.0	Park Jin-young	0
Iconic Entertainment	Overall			1	3	0.0	0.0	0.0	0.0	0.0	0.0		
Rendezvous Entertainment	Overall	Sports &amp; Recreation	Arts, Entertainment &amp; Recreation	1	5	0.0	0.0	0.0	0.0	0.0	0.0	Hyman Katz	0
Thruline Entertainment	Overall			1	4	0.0	0.0	0.0	0.0	0.0	0.0		
Global Entertainment Corporation	Overall	Advertising &amp; Marketing	Business Services	1	2	0.0	0.0	0.0	0.0	0.0	0.0	Rick Kozuback	0
JBC Entertainment	Overall	Casual Restaurants	Restaurants, Bars &amp; Food Services	1	3	0.0	0.0	0.0	0.0	0.0	0.0	Dan Smith	0
Creative Management Entertainment Group	Overall	Consulting	Business Services	1	1	0.0	0.0	0.0	0.0	0.0	0.0	Marki Costello	0
Handmade Mobile Entertainment	Overall	Music Production &amp; Distribution	Media	1	3	0.0	0.0	0.0	0.0	0.0	0.0		
Shutterbox Entertainment	Overall			1	5	0.0	0.0	0.0	0.0	0.0	0.0		
indiePub Entertainment	Overall	Video Games	Media	1	2	0.0	0.0	0.0	0.0	0.0	0.0	Ray Schaaf	0
