[u'RetailData', u'Fashion Bug', u'Summit Retail Solutions', u'IZ-ON Media', u'Reliant Energy', u'Schawk', u'Retail Group of America', u'Retail Business Development', u'Winston Retail', u'Tire Kingdom', u'ATA Retail', u'The Retail Outsource', u'Bridgestone Retail Operations', u'Vail Resorts Retail', u'Ascena Retail Group', u'Retail Data Systems', u'Icebreaker', u'StratMar', u'Apollo Retail Specialists', u'Marshall Retail Group', u'Franklin Retail Solutions', u'KraftMaid Cabinetry', u'Retail Merchandising Solutions Inc', u"Sparty's Retail Food Services", u'Retail Lockbox', u'AMS Retail Solutions', u'Snap Retail', u'Kantar Retail', u'Discount Retail Store Services', u'Schurman Retail Group', u'Wolf Retail Solutions', u'Powerhouse Retail Services', u'RetailComm', u'Retail Properties of America', u'Retail Concepts', u'Horizon Retail Construction', u'LS Travel Retail North American', u'XSRE', u'Efficient Collaborative Retail Marketing', u'Surf Style Retail Management', u'Retail Solutions', u'Mercury Retail Services', u'ARBA Retail Systems', u'www.Glasses.com', u'Wink NYC', u'Retail Decisions', u'gategroup', u'Bunzl', u'Streetsense', u'Rhodes Retail Services', u'National Retail Systems, Inc.', u'National Retail Federation', u'Telstra', u'Credibly', u'Apogee Retail', u'Retail Imaging', u'AEON', u'GAME Digital', u'Airport Retail Management', u'Renault', u'SAS Retail', u'Utc Retail', u'Sequoia Retail Systems', u'Harbor Industries', u'Prism Retail Services', u'Prospect Retail Solutions', u'Starwood Retail Partners', u'Retail Cloud Technologies', u'Retail Brand Alliance', u'CHOICE! Energy', u'CRMI', u'Retail Technology Group', u'Backwoods Retail', u'Quantum Retail Technology', u'ASC', u'EMERSON RETAIL SERVICES', u'Retail Network', u'Vestis Retail Group', u'TD Retail Card Services', u'Surf Style Retail', u'EJE Retail Duty Free', u'Info Retail', u'Urban Retail Properties', u'Martin Retail Group', u'Yankee Retail', u'Retail Integrity Merchandising Solutions', u'Retail Information Systems', u'National Retail Properties', u'United Retail Marketing', u'Rila', u'Virgin Media', u'Lagard\xe8re', u'Dot2Dot Retail Group', u'Vendaria', u'Retail Dimensions', u'Integrity Retail Distribution', u'IRM', u'New Look', u'Security Retail Group', u'CT Corp', u'United Retail Service', u'RMSA', u'Certified Retail Solutions', u'Mi9 retail', u'Pivotal Retail Group', u'Natural Retail Group', u'365 Retail Markets', u'OCS Group', u'Vishal', u'AM Retail Group', u'Retail Petroleum Consultants', u'Sobeys', u'Process Retail Group', u'Retail Ventures', u'HDS Retail', u'Gotham Beauty', u'Retail Technology Experts', u'New England Retail Express', u'IMRG', u'CM Retail Management', u'Retail Marketing Pros', u'THE One', u'Hull Storey Retail Group', u'FAME Retail', u'Retail Realm', u'Integrated Retail', u'CBR Speciatly Retail Inc', u'LRP Consultants', u'Urban Girl Accessories', u'RSPA', u'RIS News', u'E3 Retail', u'hmv', u'PMG retail and entertainment', u'R2F', u'Gitanjali Jewels', u'H20 Salon &amp; Retail Center', u'H&R; Retail', u'CRS Group', u'Aditya Birla Retail', u'E-Plus Gruppe', u'ProLogic Retail Services', u'United Commercial Retail Service', u'Retail Logistics', u'Macintosh Retail Group', u'A.W. Bravis Retail Marketing', u'InStock Companies', u'Niche Retail', u'Evisu', u'Retail Anywhere', u'American Retail Supply', u'Retail Inkjet Solutions', u'Retail Services', u'Hong Kong Retail Management Association', u'Retail Store Construction', u'DRT', u'Heritage Retail Service Group', u'Wolfe Retail Services', u'Andr\u0102\u0160s Imaging &amp; Graphics', u'Selfridges', u'King Retail Solutions', u'Value Retail', u'Calvert Retail', u'First Retail', u'Dwell Retail', u'IRCPL', u'Thaib Foods and Retail', u'G\xf6rtz', u'Future Value Retail', u'Woven Retail', u'The Retail Performance Company', u'Koutons Retail India', u'SM Retail', u'Music world Retail', u'Maaj Retail Solutions', u'NSB Retail Systems', u'Retail Assistance', u'Boston Retail Products', u'MTH Retail Group', u'RASEC RETAIL', u'Planet M Retail', u'Sports one', u'IT Retail', u'Retail Insights', u'Retail Radio', u'Royalty House Retail', u'Arthur Ryan Retail Centre', u'EFG Retail Services', u'Venue Retail', u'Galleria Retail Technology Solutions', u'CQCD', u'Bicycle Retail Services', u'SBS Retail', u'Van Tol Retail', u'High Line Retail', u'Maxrange Retail', u'Kersten Retail', u'Travel Retail Concepts', u'Prime Retail Services', u'Strata Retail and Technology Services', u'Laura Degiovanni Retail Development', u'Happytel Retail Group', u'Simple Retail', u'Platt Retail Institute', u'K3 Retail', u'Retail Reign', u'Van Deursen retail', u'Store One Retail India', u'Fila Retail', u'X5 Retail Group', u'Retail Finance Intelligence', u'The Tropical Retail Company', u'Retail Element', u'Him Retail', u'Retail Pro International', u'Wilson Retail', u'Pop Up Retail', u'Waterstone Retail Development', u'Stormfront Retail', u'Olive Tree Retail', u'Fusion Retail Analytics', u'Hospitality &amp; Retail Recruitment', u'Sonoma Retail Wine Bar &amp; Restaurant', u'All Your Retail.Com', u'Retail Systems International', u'eMachines', u'Retail Systems Limited', u'Tulip Retail', u'TKWs Retail School', u'Boerenbond Retail', u'GSP Power Projects', u'Baazar Retail', u'Reliance Retail Limited', u'Headquarter', u'Seedlings Retail', u'James Convenience Retail', u'Vindico Retail', u'INET Retail', u'Retail Apparel Group', u'Retail Marketing Institute', u'NEXT Retail India', u'Retail Revision', u'Retail Expert', u'Retail Service', u'Eshaan Retail Group', u'Remy Cointreau Travel Retail Americas', u'TNG Retail India', u'Global Retail Brands', u'IP Ventures', u'Musgrave Group', u'OSL Retail Services', u'VOW Retail', u'Spencer\xe2&euro;&trade;s Retail', u'Retail Human Resources', u'JAG Footwear, Accessories and Retail', u'Pakiza', u'Dixons Retail', u'IMS Retail', u'Jain Retail &amp; Packs', u'MyHobbyStore', u'CRS RETAIL SYSTEMS', u'Task Retail Technology', u'Dimonte Retail', u'Retail Health', u'Spring Leaf Retail', u'Future Retail Limited', u'Betsy Johnson', u'Catmoss Retail', u'Kamla Retail Limited', u'Lincoln Retail']
Name	Job	Industry	Sector	Number of ratings	Overall rating	Culture and values	Work life balance	Senior Leadership	Compensation and benefits	Career opportunities	Recommend to friend	Name CEO	Pourcentage approve CEO
RetailData	Overall	Other Retail Stores	Retail	66	2.2	2.0	2.7	2.1	1.7	1.7	0.3	Christine Cottrell	38
Fashion Bug	Overall	
Summit Retail Solutions	Overall	Advertising &amp; Marketing	Business Services	54	3.6	3.5	2.9	3.6	3.5	3.7	0.7	Chad Powers	0
IZ-ON Media	Overall	Motion Picture Production &amp; Distribution	Media	57	2.3	3.0	3.8	2.4	2.6	2.1	0.3	Ahmad Ouri	30
Reliant Energy	Overall	Utilities	Oil, Gas, Energy &amp; Utilities	57	2.8	2.4	3.2	2.3	2.9	2.7	0.6	Elizabeth Killinger	76
Schawk	Overall	Advertising &amp; Marketing	Business Services	57	2.4	2.5	3.0	2.3	2.9	2.2	0.4	MichaeI Komasinski	43
Retail Group of America	Overall	Department, Clothing, &amp; Shoe Stores	Retail	49	1.7	1.6	1.8	1.7	1.9	2.0	0.2		
Retail Business Development	Overall	Consumer Electronics &amp; Appliances Stores	Retail	45	2.6	2.4	2.8	2.3	2.6	2.7	0.4	JImmy Ralph	61
Winston Retail	Overall	Department, Clothing, &amp; Shoe Stores	Retail	51	3.6	3.4	4.0	3.1	2.8	2.5	0.8	Jan Croatt	85
Tire Kingdom	Overall	Automotive Parts &amp; Accessories Stores	Retail	43	2.5	1.7	1.9	1.7	2.3	1.9	0.1	Orland M. Wolford	45
ATA Retail	Overall	Vehicle Dealers	Retail	46	2.6	2.5	3.5	2.5	2.1	2.1	0.5		
The Retail Outsource	Overall	Advertising &amp; Marketing	Business Services	41	2.8	2.4	3.0	2.7	2.6	2.9	0.4	Brett Beveridge	70
Bridgestone Retail Operations	Overall	Auto Repair &amp; Maintenance	Construction, Repair &amp; Maintenance	43	3.2	2.8	2.4	2.6	3.3	2.9	0.4	Matt Hoskins	47
Vail Resorts Retail	Overall	
Ascena Retail Group	Overall	Department, Clothing, &amp; Shoe Stores	Retail	33	2.9	3.2	3.4	2.7	3.3	2.5	0.6		
Retail Data Systems	Overall	Computer Hardware &amp; Software	Information Technology	34	2.8	2.8	2.6	2.8	2.8	2.7	0.5	Brian Podraza	74
Icebreaker	Overall	Consumer Products Manufacturing	Manufacturing	38	2.3	2.4	3.2	1.9	2.5	2.0	0.3	Rob Fyfe	49
StratMar	Overall	Consulting	Business Services	37	3.2	3.2	3.6	3.3	3.2	3.2	0.6	Ethan Charas	71
Apollo Retail Specialists	Overall	Advertising &amp; Marketing	Business Services	27	3.2	2.9	2.9	2.7	2.9	3.0	0.6	Mike Sunderland	67
Marshall Retail Group	Overall	Department, Clothing, &amp; Shoe Stores	Retail	27	2.7	2.6	2.6	2.2	2.3	3.0	0.4	Michael C. Wilkins	67
Franklin Retail Solutions	Overall	Consulting	Business Services	19	3.2	2.7	3.5	2.8	2.4	2.3	0.6		
KraftMaid Cabinetry	Overall	Wood Product Manufacturing	Manufacturing	23	2.6	2.0	2.1	1.6	3.2	2.2	0.4	Timothy Wadhams	23
Retail Merchandising Solutions Inc	Overall	Consulting	Business Services	16	2.3	2.1	2.5	2.1	2.5	1.9	0.3	Jon Johnstone	75
Sparty's Retail Food Services	Overall	Catering &amp; Food Service Contractors	Restaurants, Bars &amp; Food Services	16	3.2	3.4	3.6	3.2	2.7	3.5	0.8		
Retail Lockbox	Overall	Advertising &amp; Marketing	Business Services	14	1.6	1.8	2.8	1.6	1.4	1.2	0.1	Craig Dawson	0
AMS Retail Solutions	Overall	Advertising &amp; Marketing	Business Services	13	2.5	2.3	2.6	2.3	1.7	2.0	0.3	Chris Nozet	44
Snap Retail	Overall	Internet	Information Technology	12	2.4	3.1	3.8	2.4	2.0	2.1	0.4	Tara Ronel	0
Kantar Retail	Overall	Consulting	Business Services	15	3.7	4.0	3.5	3.8	3.2	3.2	0.8	Wayne Levings	88
Discount Retail Store Services	Overall	Consulting	Business Services	12	3.6	3.3	3.5	3.0	3.7	3.5	0.7	James Wichert	41
Schurman Retail Group	Overall	Gift, Novelty &amp; Souvenir Stores	Retail	13	2.6	2.6	2.7	1.7	2.3	1.6	0.3	Dominique Schurman	38
Wolf Retail Solutions	Overall	Consulting	Business Services	11	4.6	3.8	3.7	3.8	3.4	3.7	0.8	Thomas Robinson Jr.	0
Powerhouse Retail Services	Overall	Advertising &amp; Marketing	Business Services	12	3	0.0	0.0	0.0	0.0	0.0	0.0		
RetailComm	Overall	Advertising &amp; Marketing	Business Services	11	3.1	2.9	2.4	2.6	3.3	2.9	0.5	Russell Davis	46
Retail Properties of America	Overall	Real Estate	Real Estate	9	3.2	0.0	0.0	0.0	0.0	0.0	0.0	Steven P. Grimes	75
Retail Concepts	Overall	Sporting Goods Stores	Retail	9	3.4	0.0	0.0	0.0	0.0	0.0	0.0		
Horizon Retail Construction	Overall	Construction	Construction, Repair &amp; Maintenance	9	3.2	0.0	0.0	0.0	0.0	0.0	0.0	Patrick Christensen	33
LS Travel Retail North American	Overall	Department, Clothing, &amp; Shoe Stores	Retail	22	3.4	0.0	0.0	0.0	0.0	0.0	0.0	Gerry Savaria	44
XSRE	Overall	Consumer Products Manufacturing	Manufacturing	8	1.7	0.0	0.0	0.0	0.0	0.0	0.0	Sam Dushey	0
Efficient Collaborative Retail Marketing	Overall	Advertising &amp; Marketing	Business Services	8	1.9	0.0	0.0	0.0	0.0	0.0	0.0	Greg Farrar	0
Surf Style Retail Management	Overall	Department, Clothing, &amp; Shoe Stores	Retail	9	1.6	0.0	0.0	0.0	0.0	0.0	0.0	Avraham Ovaknin	0
Retail Solutions	Overall	Consulting	Business Services	10	3.2	0.0	0.0	0.0	0.0	0.0	0.0	Jon Golovin	100
Mercury Retail Services	Overall	Consulting	Business Services	7	2	0.0	0.0	0.0	0.0	0.0	0.0	Trey Holder	0
ARBA Retail Systems	Overall	Computer Hardware &amp; Software	Information Technology	7	3.3	0.0	0.0	0.0	0.0	0.0	0.0	Arshad S. Osmani	0
www.Glasses.com	Overall	Other Retail Stores	Retail	7	4.2	0.0	0.0	0.0	0.0	0.0	0.0	Carlo Privitera	0
Wink NYC	Overall	Department, Clothing, &amp; Shoe Stores	Retail	8	2.5	0.0	0.0	0.0	0.0	0.0	0.0	Stephen Werther	0
Retail Decisions	Overall	Lending	Finance	11	3.2	0.0	0.0	0.0	0.0	0.0	0.0	Paul Stanley	46
gategroup	Overall	Transportation Management	Transportation &amp; Logistics	12	1.7	0.0	0.0	0.0	0.0	0.0	0.0	Xavier Rossinyol	0
Bunzl	Overall	Trucking	Transportation &amp; Logistics	40	2.3	2.2	2.7	2.3	3.1	2.1	0.3	Pat Larmon	57
Streetsense	Overall	Real Estate	Real Estate	6	3.4	0.0	0.0	0.0	0.0	0.0	0.0	Marc Ratner	100
Rhodes Retail Services	Overall	Accounting	Accounting &amp; Legal	7	3.6	0.0	0.0	0.0	0.0	0.0	0.0		
National Retail Systems, Inc.	Overall	Trucking	Transportation &amp; Logistics	7	2.1	0.0	0.0	0.0	0.0	0.0	0.0	Ray Wisniewski	100
National Retail Federation	Overall	Membership Organizations	Business Services	7	3.6	0.0	0.0	0.0	0.0	0.0	0.0	Terry J. Lundgren	81
Telstra	Overall	Telecommunications Services	Telecommunications	293	3.7	0.0	0.0	0.0	0.0	0.0	0.0	David Thodey	93
Credibly	Overall	
Apogee Retail	Overall	Department, Clothing, &amp; Shoe Stores	Retail	5	3	0.0	0.0	0.0	0.0	0.0	0.0		
Retail Imaging	Overall	Computer Hardware &amp; Software	Information Technology	5	3.5	0.0	0.0	0.0	0.0	0.0	0.0	Brad Eamon	77
AEON	Overall	Department, Clothing, &amp; Shoe Stores	Retail	18	3.5	0.0	0.0	0.0	0.0	0.0	0.0	Motoya Okada	73
GAME Digital	Overall	Consumer Electronics &amp; Appliances Stores	Retail	67	3.9	0.0	0.0	0.0	0.0	0.0	0.0	Martyn Gibbs	88
Airport Retail Management	Overall	Department, Clothing, &amp; Shoe Stores	Retail	5	3	0.0	0.0	0.0	0.0	0.0	0.0	Bob Crews	54
Renault	Overall	Industrial Manufacturing	Manufacturing	168	3.4	0.0	0.0	0.0	0.0	0.0	0.0	Carlos Ghosn	66
SAS Retail	Overall	Advertising &amp; Marketing	Business Services	4	2	0.0	0.0	0.0	0.0	0.0	0.0		
Utc Retail	Overall	Computer Hardware &amp; Software	Information Technology	4	3.5	0.0	0.0	0.0	0.0	0.0	0.0	Samuel J Villanti	100
Sequoia Retail Systems	Overall	Computer Hardware &amp; Software	Information Technology	4	3.2	0.0	0.0	0.0	0.0	0.0	0.0	Jim Zaorski	0
Harbor Industries	Overall	Advertising &amp; Marketing	Business Services	4	1.2	0.0	0.0	0.0	0.0	0.0	0.0		
Prism Retail Services	Overall	Consulting	Business Services	4	4.3	0.0	0.0	0.0	0.0	0.0	0.0	Robert H Shallenberg	100
Prospect Retail Solutions	Overall	Enterprise Software &amp; Network Solutions	Information Technology	6	2.9	0.0	0.0	0.0	0.0	0.0	0.0	Ryan Irish	0
Starwood Retail Partners	Overall	Real Estate	Real Estate	4	2.3	0.0	0.0	0.0	0.0	0.0	0.0		
Retail Cloud Technologies	Overall	IT Services	Information Technology	4	3.3	0.0	0.0	0.0	0.0	0.0	0.0	Michael Mauerer	33
Retail Brand Alliance	Overall	Department, Clothing, &amp; Shoe Stores	Retail	5	3.8	0.0	0.0	0.0	0.0	0.0	0.0	Claudio Del Vecchio	72
CHOICE! Energy	Overall	Utilities	Oil, Gas, Energy &amp; Utilities	4	3.3	0.0	0.0	0.0	0.0	0.0	0.0	Enrique Javier Loya	73
CRMI	Overall	
Retail Technology Group	Overall	
Backwoods Retail	Overall	Department, Clothing, &amp; Shoe Stores	Retail	4	4.3	0.0	0.0	0.0	0.0	0.0	0.0	Jennifer Mull	67
Quantum Retail Technology	Overall	Computer Hardware &amp; Software	Information Technology	5	3.2	0.0	0.0	0.0	0.0	0.0	0.0		
ASC	Overall	Electrical &amp; Electronic Manufacturing	Manufacturing	12	3.4	3.4	3.4	3.3	3.2	3.2	0.7	Mario Gaete	66
EMERSON RETAIL SERVICES	Overall			4	2.7	0.0	0.0	0.0	0.0	0.0	0.0		
Retail Network	Overall	
Vestis Retail Group	Overall	Department, Clothing, &amp; Shoe Stores	Retail	4	4.2	0.0	0.0	0.0	0.0	0.0	0.0	James C. Petty	100
TD Retail Card Services	Overall	Investment Banking &amp; Asset Management	Finance	5	2.7	0.0	0.0	0.0	0.0	0.0	0.0	Marc G. Sczesnak	0
Surf Style Retail	Overall	Department, Clothing, &amp; Shoe Stores	Retail	4	3.7	0.0	0.0	0.0	0.0	0.0	0.0	Avraham Ovaknin	0
EJE Retail Duty Free	Overall	Department, Clothing, &amp; Shoe Stores	Retail	3	2.3	0.0	0.0	0.0	0.0	0.0	0.0		
Info Retail	Overall	Advertising &amp; Marketing	Business Services	4	2.4	0.0	0.0	0.0	0.0	0.0	0.0	Ron Bushman	29
Urban Retail Properties	Overall	Real Estate	Real Estate	3	4	0.0	0.0	0.0	0.0	0.0	0.0	Craig Delasin	0
Martin Retail Group	Overall	Advertising &amp; Marketing	Business Services	3	4.3	0.0	0.0	0.0	0.0	0.0	0.0		
Yankee Retail	Overall	Home Furniture &amp; Housewares Stores	Retail	4	3.9	0.0	0.0	0.0	0.0	0.0	0.0		
Retail Integrity Merchandising Solutions	Overall	Accounting	Accounting &amp; Legal	3	3.7	0.0	0.0	0.0	0.0	0.0	0.0		
Retail Information Systems	Overall	Advertising &amp; Marketing	Business Services	6	3.2	0.0	0.0	0.0	0.0	0.0	0.0	Madhu Bontha	100
National Retail Properties	Overall	Real Estate	Real Estate	4	2.7	0.0	0.0	0.0	0.0	0.0	0.0	Craig Macnab	100
United Retail Marketing	Overall	
Rila	Overall	Membership Organizations	Business Services	3	3.5	0.0	0.0	0.0	0.0	0.0	0.0	Sandy Kennedy	100
Virgin Media	Overall	Cable, Internet &amp; Telephone Providers	Telecommunications	142	3.4	0.0	0.0	0.0	0.0	0.0	0.0	Tom Mockridge	66
Dot2Dot Retail Group	Overall	Advertising &amp; Marketing	Business Services	2	4	0.0	0.0	0.0	0.0	0.0	0.0		
Vendaria	Overall	
Retail Dimensions	Overall	Computer Hardware &amp; Software	Information Technology	2	3.1	0.0	0.0	0.0	0.0	0.0	0.0		
Integrity Retail Distribution	Overall	Transportation Management	Transportation &amp; Logistics	2	1	0.0	0.0	0.0	0.0	0.0	0.0	Brad Garberich	0
IRM	Overall	Advertising &amp; Marketing	Business Services	2	1	0.0	0.0	0.0	0.0	0.0	0.0		
New Look	Overall	Department, Clothing, &amp; Shoe Stores	Retail	108	2.9	0.0	0.0	0.0	0.0	0.0	0.0	Anders Kristiansen	78
Security Retail Group	Overall	
CT Corp	Overall	Consulting	Business Services	3	2.5	0.0	0.0	0.0	0.0	0.0	0.0		
United Retail Service	Overall	Accounting	Accounting &amp; Legal	3	4	0.0	0.0	0.0	0.0	0.0	0.0	Terry Sutphin and John Conner	0
RMSA	Overall	Consulting	Business Services	2	4.5	0.0	0.0	0.0	0.0	0.0	0.0		
Certified Retail Solutions	Overall	Computer Hardware &amp; Software	Information Technology	2	4.5	0.0	0.0	0.0	0.0	0.0	0.0	Scott Johnson	100
Mi9 retail	Overall			3	4.4	0.0	0.0	0.0	0.0	0.0	0.0		
Pivotal Retail Group	Overall			2	3.5	0.0	0.0	0.0	0.0	0.0	0.0		
Natural Retail Group	Overall	
365 Retail Markets	Overall	Computer Hardware &amp; Software	Information Technology	2	4.1	0.0	0.0	0.0	0.0	0.0	0.0	Joseph Hessling	100
OCS Group	Overall	
Vishal	Overall	Department, Clothing, &amp; Shoe Stores	Retail	15	3.4	0.0	0.0	0.0	0.0	0.0	0.0		
AM Retail Group	Overall			2	2	0.0	0.0	0.0	0.0	0.0	0.0		
Retail Petroleum Consultants	Overall	
Sobeys	Overall	Food &amp; Beverage Stores	Retail	312	3.4	0.0	0.0	0.0	0.0	0.0	0.0	Marc Poulin	70
Process Retail Group	Overall	Accounting	Accounting &amp; Legal	3	3.6	0.0	0.0	0.0	0.0	0.0	0.0	Bob Zanotti	100
Retail Ventures	Overall	Department, Clothing, &amp; Shoe Stores	Retail	2	3	0.0	0.0	0.0	0.0	0.0	0.0	Jim McGrady	0
HDS Retail	Overall	
Gotham Beauty	Overall	Consumer Products Manufacturing	Manufacturing	2	2.4	0.0	0.0	0.0	0.0	0.0	0.0		
Retail Technology Experts	Overall	Computer Hardware &amp; Software	Information Technology	2	3.5	0.0	0.0	0.0	0.0	0.0	0.0	Mahendran Ramanathan	0
New England Retail Express	Overall	
IMRG	Overall	Enterprise Software &amp; Network Solutions	Information Technology	3	3.5	0.0	0.0	0.0	0.0	0.0	0.0		
CM Retail Management	Overall	Investment Banking &amp; Asset Management	Finance	2	2	0.0	0.0	0.0	0.0	0.0	0.0		
Retail Marketing Pros	Overall	Advertising &amp; Marketing	Business Services	1	1	0.0	0.0	0.0	0.0	0.0	0.0		
THE One	Overall	Department, Clothing, &amp; Shoe Stores	Retail	3	1.9	0.0	0.0	0.0	0.0	0.0	0.0		
Hull Storey Retail Group	Overall	
FAME Retail	Overall	
Retail Realm	Overall	Computer Hardware &amp; Software	Information Technology	2	2.8	0.0	0.0	0.0	0.0	0.0	0.0		
Integrated Retail	Overall	Enterprise Software &amp; Network Solutions	Information Technology	1	3	0.0	0.0	0.0	0.0	0.0	0.0		
CBR Speciatly Retail Inc	Overall	Department, Clothing, &amp; Shoe Stores	Retail	1	3	0.0	0.0	0.0	0.0	0.0	0.0		
LRP Consultants	Overall	Investment Banking &amp; Asset Management	Finance	2	5	0.0	0.0	0.0	0.0	0.0	0.0	Eugene Laxer	0
Urban Girl Accessories	Overall	
RSPA	Overall	
RIS News	Overall	
E3 Retail	Overall	Computer Hardware &amp; Software	Information Technology	1	5	0.0	0.0	0.0	0.0	0.0	0.0		
hmv	Overall	
PMG retail and entertainment	Overall			1	5	0.0	0.0	0.0	0.0	0.0	0.0		
R2F	Overall	
Gitanjali Jewels	Overall	Beauty &amp; Personal Accessories Stores	Retail	5	2.6	0.0	0.0	0.0	0.0	0.0	0.0		
H20 Salon &amp; Retail Center	Overall			1	5	0.0	0.0	0.0	0.0	0.0	0.0		
H&R; Retail	Overall	Industrial Manufacturing	Manufacturing	5	3.6	0.0	0.0	0.0	0.0	0.0	0.0	Jack L. Howard	100
CRS Group	Overall	Staffing &amp; Outsourcing	Business Services	5	3.1	0.0	0.0	0.0	0.0	0.0	0.0	Michael Gaines	0
Aditya Birla Retail	Overall	
E-Plus Gruppe	Overall	
ProLogic Retail Services	Overall			2	3	0.0	0.0	0.0	0.0	0.0	0.0	Ross Ely	0
United Commercial Retail Service	Overall	Building &amp; Personnel Services	Business Services	1	5	0.0	0.0	0.0	0.0	0.0	0.0	Michael G Ashmore	0
Retail Logistics	Overall	Logistics &amp; Supply Chain	Transportation &amp; Logistics	1	3	0.0	0.0	0.0	0.0	0.0	0.0		
Macintosh Retail Group	Overall	
A.W. Bravis Retail Marketing	Overall	Advertising &amp; Marketing	Business Services	1	5	0.0	0.0	0.0	0.0	0.0	0.0		
InStock Companies	Overall	
Niche Retail	Overall	
Evisu	Overall	
Retail Anywhere	Overall	Computer Hardware &amp; Software	Information Technology	1	1	0.0	0.0	0.0	0.0	0.0	0.0		
American Retail Supply	Overall	
Retail Inkjet Solutions	Overall	Computer Hardware &amp; Software	Information Technology	1	4	0.0	0.0	0.0	0.0	0.0	0.0		
Retail Services	Overall	
Hong Kong Retail Management Association	Overall			1	4	0.0	0.0	0.0	0.0	0.0	0.0		
Retail Store Construction	Overall	Construction	Construction, Repair &amp; Maintenance	1	2	0.0	0.0	0.0	0.0	0.0	0.0		
DRT	Overall	
Heritage Retail Service Group	Overall	
Wolfe Retail Services	Overall	
Selfridges	Overall	
King Retail Solutions	Overall			1	-1	0.0	0.0	0.0	0.0	0.0	0.0		
Value Retail	Overall	
Calvert Retail	Overall	
First Retail	Overall	
Dwell Retail	Overall	
IRCPL	Overall	
Thaib Foods and Retail	Overall	Casual Restaurants	Restaurants, Bars &amp; Food Services	0	0	0.0	0.0	0.0	0.0	0.0	0.0		
Future Value Retail	Overall	Vehicle Dealers	Retail	29	3.5	0.0	0.0	0.0	0.0	0.0	0.0		
Woven Retail	Overall	
The Retail Performance Company	Overall	
Koutons Retail India	Overall	
SM Retail	Overall	
Music world Retail	Overall	Media &amp; Entertainment Retail Stores	Retail	1	4	0.0	0.0	0.0	0.0	0.0	0.0		
Maaj Retail Solutions	Overall	
NSB Retail Systems	Overall			2	3.4	0.0	0.0	0.0	0.0	0.0	0.0	David Henning	100
Retail Assistance	Overall	Advertising &amp; Marketing	Business Services	25	4	3.9	4.1	3.7	2.9	2.9	0.8	Alan Spalter	94
Boston Retail Products	Overall			0	0	0.0	0.0	0.0	0.0	0.0	0.0		
RASEC RETAIL	Overall	
Planet M Retail	Overall	Media &amp; Entertainment Retail Stores	Retail	2	4	0.0	0.0	0.0	0.0	0.0	0.0		
Sports one	Overall			1	3	0.0	0.0	0.0	0.0	0.0	0.0		
IT Retail	Overall	Department, Clothing, &amp; Shoe Stores	Retail	1	1	0.0	0.0	0.0	0.0	0.0	0.0		
Retail Insights	Overall	IT Services	Information Technology	2	2.5	0.0	0.0	0.0	0.0	0.0	0.0		
Retail Radio	Overall	
Royalty House Retail	Overall	
Arthur Ryan Retail Centre	Overall	
EFG Retail Services	Overall	Lending	Finance	2	2.4	0.0	0.0	0.0	0.0	0.0	0.0		
Venue Retail	Overall			1	4	0.0	0.0	0.0	0.0	0.0	0.0		
Galleria Retail Technology Solutions	Overall	Enterprise Software &amp; Network Solutions	Information Technology	0	0	0.0	0.0	0.0	0.0	0.0	0.0	Ian Duncan-Lewis	0
CQCD	Overall	Membership Organizations	Business Services	1	3	0.0	0.0	0.0	0.0	0.0	0.0		
Bicycle Retail Services	Overall			0	0	0.0	0.0	0.0	0.0	0.0	0.0		
SBS Retail	Overall	
Van Tol Retail	Overall			0	0	0.0	0.0	0.0	0.0	0.0	0.0		
High Line Retail	Overall	
Maxrange Retail	Overall	Department, Clothing, &amp; Shoe Stores	Retail	2	3.6	0.0	0.0	0.0	0.0	0.0	0.0		
Kersten Retail	Overall	
Travel Retail Concepts	Overall	Department, Clothing, &amp; Shoe Stores	Retail	0	0	0.0	0.0	0.0	0.0	0.0	0.0		
Prime Retail Services	Overall			0	0	0.0	0.0	0.0	0.0	0.0	0.0		
Strata Retail and Technology Services	Overall	
Laura Degiovanni Retail Development	Overall	
Happytel Retail Group	Overall			1	2	0.0	0.0	0.0	0.0	0.0	0.0		
Simple Retail	Overall	
Platt Retail Institute	Overall	
K3 Retail	Overall	
Retail Reign	Overall	
Van Deursen retail	Overall	
Store One Retail India	Overall	Department, Clothing, &amp; Shoe Stores	Retail	0	0	0.0	0.0	0.0	0.0	0.0	0.0	K. N. Iyer	0
Fila Retail	Overall	
X5 Retail Group	Overall	
Retail Finance Intelligence	Overall	
The Tropical Retail Company	Overall	
Retail Element	Overall	Health, Beauty, &amp; Fitness	Consumer Services	0	0	0.0	0.0	0.0	0.0	0.0	0.0		
Him Retail	Overall			0	0	0.0	0.0	0.0	0.0	0.0	0.0		
Retail Pro International	Overall	Advertising &amp; Marketing	Business Services	0	0	0.0	0.0	0.0	0.0	0.0	0.0		
Wilson Retail	Overall	
Pop Up Retail	Overall	
Waterstone Retail Development	Overall	
Stormfront Retail	Overall	
Olive Tree Retail	Overall	
Fusion Retail Analytics	Overall	Consulting	Business Services	6	4.7	0.0	0.0	0.0	0.0	0.0	0.0		
Hospitality &amp; Retail Recruitment	Overall	
Sonoma Retail Wine Bar &amp; Restaurant	Overall	
All Your Retail.Com	Overall	Computer Hardware &amp; Software	Information Technology	0	0	0.0	0.0	0.0	0.0	0.0	0.0	Len Conlon	0
Retail Systems International	Overall	
eMachines	Overall	Computer Hardware &amp; Software	Information Technology	0	0	0.0	0.0	0.0	0.0	0.0	0.0		
Retail Systems Limited	Overall			1	5	0.0	0.0	0.0	0.0	0.0	0.0		
Tulip Retail	Overall	
TKWs Retail School	Overall	
Boerenbond Retail	Overall			0	0	0.0	0.0	0.0	0.0	0.0	0.0	Teun van Beek	0
GSP Power Projects	Overall	Electrical &amp; Electronic Manufacturing	Manufacturing	1	3	0.0	0.0	0.0	0.0	0.0	0.0		
Baazar Retail	Overall	
Reliance Retail Limited	Overall	Biotech &amp; Pharmaceuticals	Biotech &amp; Pharmaceuticals	12	3.3	0.0	0.0	0.0	0.0	0.0	0.0		
Headquarter	Overall	Department, Clothing, &amp; Shoe Stores	Retail	1	5	0.0	0.0	0.0	0.0	0.0	0.0		
Seedlings Retail	Overall	
James Convenience Retail	Overall			0	0	0.0	0.0	0.0	0.0	0.0	0.0		
Vindico Retail	Overall	
INET Retail	Overall	
Retail Apparel Group	Overall	
Retail Marketing Institute	Overall	
NEXT Retail India	Overall	
Retail Revision	Overall	
Retail Expert	Overall	
Retail Service	Overall	Computer Hardware &amp; Software	Information Technology	0	0	0.0	0.0	0.0	0.0	0.0	0.0		
Eshaan Retail Group	Overall	
Remy Cointreau Travel Retail Americas	Overall	
TNG Retail India	Overall	
Global Retail Brands	Overall	
IP Ventures	Overall	
Musgrave Group	Overall	
OSL Retail Services	Overall	
VOW Retail	Overall	
Retail Human Resources	Overall	
JAG Footwear, Accessories and Retail	Overall	
Pakiza	Overall	
Dixons Retail	Overall	
IMS Retail	Overall	
Jain Retail &amp; Packs	Overall	
MyHobbyStore	Overall	
CRS RETAIL SYSTEMS	Overall			0	0	0.0	0.0	0.0	0.0	0.0	0.0		
Task Retail Technology	Overall	
Dimonte Retail	Overall	
Retail Health	Overall	
Spring Leaf Retail	Overall	
Future Retail Limited	Overall	
Betsy Johnson	Overall	
Catmoss Retail	Overall	
Kamla Retail Limited	Overall	Consumer Products Manufacturing	Manufacturing	1	5	0.0	0.0	0.0	0.0	0.0	0.0		
Lincoln Retail	Overall	
